2026-09-26 12:19:00,Webcam_Live,Unknown,0.00%,UNKNOWN,40%
2026-09-26 12:19:05,Webcam_Live,Unknown,0.00%,UNKNOWN,40%
2026-09-26 12:19:10,Webcam_Live,Unknown,0.00%,UNKNOWN,40%
2026-09-26 12:19:17,Webcam_Live,Unknown,0.00%,UNKNOWN,40%
2026-09-26 12:19:22,Webcam_Live,Unknown,0.00%,UNKNOWN,40%
2026-09-26 12:19:30,Webcam_Live,Unknown,0.00%,UNKNOWN,40%
2026-09-26 12:19:38,Webcam_Live,Unknown,0.00%,UNKNOWN,40%
2026-09-27 17:48:10,walk1.mp4,arwind,100.00%,MATCH,70%
2026-09-27 17:50:12,Webcam_Live,Unknown,0.00%,UNKNOWN,40%
2026-09-27 17:50:17,Webcam_Live,Unknown,0.00%,UNKNOWN,40%
2026-09-27 17:50:23,Webcam_Live,Unknown,0.00%,UNKNOWN,40%
2026-09-27 17:50:28,Webcam_Live,Unknown,0.00%,UNKNOWN,40%
2026-09-27 17:50:33,Webcam_Live,Unknown,0.00%,UNKNOWN,40%
2026-09-27 17:50:38,Webcam_Live,Unknown,0.00%,UNKNOWN,40%
2026-09-27 17:56:57,Webcam_Live,Keerthana,65.93%,MATCH,40%
2026-09-27 17:57:04,Webcam_Live,Unknown,25.71%,UNKNOWN,40%
2026-09-27 17:57:10,Webcam_Live,Unknown,19.53%,UNKNOWN,40%
2026-09-27 17:57:10,Webcam_Live,Keerthana,67.84%,MATCH,40%
2026-09-27 17:57:18,Webcam_Live,Keerthana,47.15%,MATCH,40%
2026-09-27 17:57:23,Webcam_Live,Keerthana,44.11%,MATCH,40%
2026-09-27 17:57:23,Webcam_Live,Unknown,31.86%,UNKNOWN,40%
2026-09-27 17:57:29,Webcam_Live,Unknown,37.11%,UNKNOWN,40%
2026-09-27 17:57:29,Webcam_Live,Keerthana,40.98%,MATCH,40%
2026-09-27 17:57:34,Webcam_Live,Keerthana,59.67%,MATCH,40%
2026-09-27 17:57:36,Webcam_Live,Unknown,0.00%,UNKNOWN,40%
2026-09-27 17:57:39,Webcam_Live,Keerthana,55.35%,MATCH,40%
2026-09-28 14:25:22,walk1.mp4,arwind,100.00%,MATCH,70%
2026-09-29 22:02:10,Re-ID Video,arwind,68.61,MATCH,Cosine > 0.6
2026-09-29 22:02:11,Re-ID Video,arwind,71.39,MATCH,Cosine > 0.6
2026-09-29 22:02:11,Re-ID Video,arwind,71.80,MATCH,Cosine > 0.6
2026-09-29 22:02:11,Re-ID Video,arwind,72.26,MATCH,Cosine > 0.6
2026-09-29 22:02:11,Re-ID Video,arwind,74.83,MATCH,Cosine > 0.6
2026-09-29 22:02:11,Re-ID Video,arwind,74.28,MATCH,Cosine > 0.6
2026-09-29 22:02:11,Re-ID Video,arwind,76.90,MATCH,Cosine > 0.6
2026-09-29 22:02:11,Re-ID Video,arwind,75.57,MATCH,Cosine > 0.6
2026-09-29 22:02:12,Re-ID Video,arwind,76.45,MATCH,Cosine > 0.6
2026-09-29 22:02:12,Re-ID Video,arwind,78.03,MATCH,Cosine > 0.6
2026-09-29 22:02:12,Re-ID Video,arwind,77.14,MATCH,Cosine > 0.6
2026-09-29 22:02:12,Re-ID Video,arwind,76.54,MATCH,Cosine > 0.6
2026-09-29 22:02:12,Re-ID Video,arwind,76.52,MATCH,Cosine > 0.6
2026-09-29 22:02:12,Re-ID Video,arwind,76.66,MATCH,Cosine > 0.6
2026-09-29 22:02:13,Re-ID Video,arwind,76.79,MATCH,Cosine > 0.6
2026-09-29 22:02:13,Re-ID Video,arwind,76.32,MATCH,Cosine > 0.6
2026-09-29 22:02:13,Re-ID Video,arwind,77.38,MATCH,Cosine > 0.6
2026-09-29 22:02:13,Re-ID Video,arwind,77.04,MATCH,Cosine > 0.6
2026-09-29 22:02:13,Re-ID Video,arwind,76.52,MATCH,Cosine > 0.6
2026-09-29 22:02:13,Re-ID Video,arwind,75.63,MATCH,Cosine > 0.6
2026-09-29 22:02:13,Re-ID Video,arwind,75.79,MATCH,Cosine > 0.6
2026-09-29 22:02:14,Re-ID Video,arwind,76.57,MATCH,Cosine > 0.6
2026-09-29 22:02:14,Re-ID Video,arwind,78.51,MATCH,Cosine > 0.6
2026-09-29 22:02:14,Re-ID Video,arwind,76.73,MATCH,Cosine > 0.6
2026-09-29 22:02:14,Re-ID Video,arwind,73.82,MATCH,Cosine > 0.6
2026-09-29 22:02:14,Re-ID Video,arwind,72.90,MATCH,Cosine > 0.6
2026-09-29 22:02:14,Re-ID Video,arwind,70.19,MATCH,Cosine > 0.6
2026-09-29 22:02:14,Re-ID Video,arwind,69.00,MATCH,Cosine > 0.6
2026-09-29 22:02:15,Re-ID Video,arwind,68.15,MATCH,Cosine > 0.6
2026-09-29 22:02:15,Re-ID Video,arwind,66.81,MATCH,Cosine > 0.6
2026-09-29 22:02:15,Re-ID Video,arwind,67.16,MATCH,Cosine > 0.6
2026-09-29 22:02:15,Re-ID Video,arwind,65.16,MATCH,Cosine > 0.6
2026-09-29 22:02:15,Re-ID Video,arwind,67.69,MATCH,Cosine > 0.6
2026-09-29 22:02:15,Re-ID Video,arwind,67.14,MATCH,Cosine > 0.6
2026-09-29 22:02:15,Re-ID Video,arwind,67.00,MATCH,Cosine > 0.6
2026-09-29 22:02:16,Re-ID Video,arwind,66.70,MATCH,Cosine > 0.6
2026-09-29 22:02:16,Re-ID Video,arwind,67.24,MATCH,Cosine > 0.6
2026-09-29 22:02:16,Re-ID Video,arwind,68.51,MATCH,Cosine > 0.6
2026-09-29 22:02:16,Re-ID Video,arwind,69.86,MATCH,Cosine > 0.6
2026-09-29 22:02:16,Re-ID Video,arwind,69.81,MATCH,Cosine > 0.6
2026-09-29 22:02:17,Re-ID Video,arwind,69.66,MATCH,Cosine > 0.6
2026-09-29 22:02:17,Re-ID Video,arwind,70.38,MATCH,Cosine > 0.6
2026-09-29 22:02:17,Re-ID Video,arwind,69.86,MATCH,Cosine > 0.6
2026-09-29 22:02:17,Re-ID Video,arwind,69.28,MATCH,Cosine > 0.6
2026-09-29 22:02:17,Re-ID Video,arwind,68.97,MATCH,Cosine > 0.6
2026-09-29 22:02:17,Re-ID Video,arwind,67.48,MATCH,Cosine > 0.6
2026-09-29 22:02:17,Re-ID Video,arwind,68.55,MATCH,Cosine > 0.6
2026-09-29 22:02:18,Re-ID Video,arwind,68.73,MATCH,Cosine > 0.6
2026-09-29 22:02:18,Re-ID Video,arwind,69.01,MATCH,Cosine > 0.6
2026-09-29 22:02:18,Re-ID Video,arwind,68.89,MATCH,Cosine > 0.6
2026-09-29 22:02:18,Re-ID Video,arwind,69.69,MATCH,Cosine > 0.6
2026-09-29 22:02:18,Re-ID Video,arwind,70.78,MATCH,Cosine > 0.6
2026-09-29 22:02:18,Re-ID Video,arwind,71.87,MATCH,Cosine > 0.6
2026-09-29 22:02:19,Re-ID Video,arwind,70.82,MATCH,Cosine > 0.6
2026-09-29 22:02:19,Re-ID Video,arwind,70.82,MATCH,Cosine > 0.6
2026-09-29 22:02:19,Re-ID Video,arwind,69.41,MATCH,Cosine > 0.6
2026-09-29 22:02:19,Re-ID Video,arwind,69.66,MATCH,Cosine > 0.6
2026-09-29 22:02:19,Re-ID Video,arwind,71.39,MATCH,Cosine > 0.6
2026-09-29 22:02:19,Re-ID Video,arwind,73.01,MATCH,Cosine > 0.6
2026-09-29 22:02:20,Re-ID Video,arwind,72.76,MATCH,Cosine > 0.6
2026-09-29 22:02:20,Re-ID Video,arwind,72.61,MATCH,Cosine > 0.6
2026-09-29 22:02:20,Re-ID Video,arwind,73.83,MATCH,Cosine > 0.6
2026-09-29 22:02:20,Re-ID Video,arwind,74.26,MATCH,Cosine > 0.6
2026-09-29 22:02:20,Re-ID Video,arwind,73.56,MATCH,Cosine > 0.6
2026-09-29 22:02:20,Re-ID Video,arwind,73.25,MATCH,Cosine > 0.6
2026-09-29 22:02:21,Re-ID Video,arwind,70.07,MATCH,Cosine > 0.6
2026-09-29 22:02:21,Re-ID Video,arwind,71.43,MATCH,Cosine > 0.6
2026-09-29 22:02:21,Re-ID Video,arwind,71.02,MATCH,Cosine > 0.6
2026-09-29 22:02:21,Re-ID Video,arwind,74.45,MATCH,Cosine > 0.6
2026-09-29 22:02:21,Re-ID Video,arwind,72.40,MATCH,Cosine > 0.6
2026-09-29 22:02:21,Re-ID Video,arwind,73.40,MATCH,Cosine > 0.6
2026-09-29 22:02:21,Re-ID Video,arwind,73.04,MATCH,Cosine > 0.6
2026-09-29 22:02:22,Re-ID Video,arwind,72.54,MATCH,Cosine > 0.6
2026-09-29 22:02:22,Re-ID Video,arwind,73.93,MATCH,Cosine > 0.6
2026-09-29 22:02:22,Re-ID Video,arwind,74.27,MATCH,Cosine > 0.6
2026-09-29 22:02:22,Re-ID Video,arwind,74.64,MATCH,Cosine > 0.6
2026-09-29 22:02:22,Re-ID Video,arwind,77.16,MATCH,Cosine > 0.6
2026-09-29 22:02:22,Re-ID Video,arwind,77.10,MATCH,Cosine > 0.6
2026-09-29 22:02:22,Re-ID Video,arwind,74.97,MATCH,Cosine > 0.6
2026-09-29 22:02:23,Re-ID Video,arwind,74.51,MATCH,Cosine > 0.6
2026-09-29 22:02:23,Re-ID Video,arwind,74.20,MATCH,Cosine > 0.6
2026-09-29 22:02:23,Re-ID Video,arwind,73.18,MATCH,Cosine > 0.6
2026-09-29 22:02:23,Re-ID Video,arwind,71.50,MATCH,Cosine > 0.6
2026-09-29 22:02:23,Re-ID Video,arwind,71.84,MATCH,Cosine > 0.6
2026-09-29 22:02:23,Re-ID Video,arwind,72.33,MATCH,Cosine > 0.6
2026-09-29 22:02:24,Re-ID Video,arwind,71.41,MATCH,Cosine > 0.6
2026-09-29 22:02:24,Re-ID Video,arwind,72.72,MATCH,Cosine > 0.6
2026-09-29 22:02:24,Re-ID Video,arwind,73.42,MATCH,Cosine > 0.6
2026-09-29 22:02:24,Re-ID Video,arwind,73.72,MATCH,Cosine > 0.6
2026-09-29 22:02:24,Re-ID Video,arwind,73.67,MATCH,Cosine > 0.6
2026-09-29 22:02:24,Re-ID Video,arwind,71.44,MATCH,Cosine > 0.6
2026-09-29 22:02:25,Re-ID Video,arwind,70.54,MATCH,Cosine > 0.6
2026-09-29 22:02:25,Re-ID Video,arwind,70.91,MATCH,Cosine > 0.6
2026-09-29 22:02:25,Re-ID Video,arwind,70.56,MATCH,Cosine > 0.6
2026-09-29 22:02:25,Re-ID Video,arwind,70.54,MATCH,Cosine > 0.6
2026-09-29 22:02:25,Re-ID Video,arwind,70.89,MATCH,Cosine > 0.6
2026-09-29 22:02:25,Re-ID Video,arwind,72.21,MATCH,Cosine > 0.6
2026-09-29 22:02:25,Re-ID Video,arwind,73.04,MATCH,Cosine > 0.6
2026-09-29 22:02:26,Re-ID Video,arwind,73.56,MATCH,Cosine > 0.6
2026-09-29 22:02:26,Re-ID Video,arwind,73.61,MATCH,Cosine > 0.6
2026-09-29 22:02:26,Re-ID Video,arwind,75.61,MATCH,Cosine > 0.6
2026-09-29 22:02:26,Re-ID Video,arwind,76.03,MATCH,Cosine > 0.6
2026-09-29 22:02:26,Re-ID Video,arwind,75.52,MATCH,Cosine > 0.6
2026-09-29 22:02:26,Re-ID Video,arwind,75.76,MATCH,Cosine > 0.6
2026-09-29 22:02:26,Re-ID Video,arwind,76.14,MATCH,Cosine > 0.6
2026-09-29 22:02:27,Re-ID Video,arwind,75.15,MATCH,Cosine > 0.6
2026-09-29 22:02:27,Re-ID Video,arwind,75.73,MATCH,Cosine > 0.6
2026-09-29 22:02:27,Re-ID Video,arwind,75.44,MATCH,Cosine > 0.6
2026-09-29 22:02:27,Re-ID Video,arwind,76.10,MATCH,Cosine > 0.6
2026-09-29 22:02:27,Re-ID Video,arwind,77.04,MATCH,Cosine > 0.6
2026-09-29 22:02:27,Re-ID Video,arwind,78.22,MATCH,Cosine > 0.6
2026-09-29 22:02:28,Re-ID Video,arwind,78.06,MATCH,Cosine > 0.6
2026-09-29 22:02:28,Re-ID Video,arwind,77.89,MATCH,Cosine > 0.6
2026-09-29 22:02:28,Re-ID Video,arwind,78.19,MATCH,Cosine > 0.6
2026-09-29 22:02:28,Re-ID Video,arwind,78.32,MATCH,Cosine > 0.6
2026-09-29 22:02:28,Re-ID Video,arwind,77.70,MATCH,Cosine > 0.6
2026-09-29 22:02:28,Re-ID Video,arwind,77.85,MATCH,Cosine > 0.6
2026-09-29 22:02:28,Re-ID Video,arwind,78.23,MATCH,Cosine > 0.6
2026-09-29 22:02:29,Re-ID Video,arwind,76.99,MATCH,Cosine > 0.6
2026-09-29 22:02:29,Re-ID Video,arwind,76.74,MATCH,Cosine > 0.6
2026-09-29 22:02:29,Re-ID Video,arwind,78.07,MATCH,Cosine > 0.6
2026-09-29 22:02:29,Re-ID Video,arwind,76.63,MATCH,Cosine > 0.6
2026-09-29 22:02:29,Re-ID Video,arwind,77.61,MATCH,Cosine > 0.6
2026-09-29 22:02:29,Re-ID Video,arwind,78.03,MATCH,Cosine > 0.6
2026-09-29 22:02:29,Re-ID Video,arwind,77.48,MATCH,Cosine > 0.6
2026-09-29 22:02:29,Re-ID Video,arwind,77.66,MATCH,Cosine > 0.6
2026-09-29 22:02:30,Re-ID Video,arwind,78.51,MATCH,Cosine > 0.6
2026-09-29 22:02:30,Re-ID Video,arwind,77.18,MATCH,Cosine > 0.6
2026-09-29 22:02:30,Re-ID Video,arwind,77.00,MATCH,Cosine > 0.6
2026-09-29 22:02:30,Re-ID Video,arwind,74.18,MATCH,Cosine > 0.6
2026-09-29 22:02:30,Re-ID Video,arwind,70.81,MATCH,Cosine > 0.6
2026-09-29 22:02:30,Re-ID Video,arwind,70.71,MATCH,Cosine > 0.6
2026-09-29 22:02:30,Re-ID Video,arwind,70.75,MATCH,Cosine > 0.6
2026-09-29 22:02:30,Re-ID Video,arwind,70.58,MATCH,Cosine > 0.6
2026-09-29 22:02:31,Re-ID Video,arwind,68.13,MATCH,Cosine > 0.6
2026-09-29 22:02:31,Re-ID Video,arwind,71.16,MATCH,Cosine > 0.6
2026-09-29 22:02:31,Re-ID Video,arwind,73.66,MATCH,Cosine > 0.6
2026-09-29 22:02:31,Re-ID Video,arwind,73.55,MATCH,Cosine > 0.6
2026-09-29 22:02:31,Re-ID Video,arwind,71.05,MATCH,Cosine > 0.6
2026-09-29 22:02:31,Re-ID Video,arwind,69.71,MATCH,Cosine > 0.6
2026-09-29 22:02:31,Re-ID Video,arwind,72.11,MATCH,Cosine > 0.6
2026-09-29 22:02:32,Re-ID Video,arwind,73.63,MATCH,Cosine > 0.6
2026-09-29 22:02:32,Re-ID Video,arwind,73.42,MATCH,Cosine > 0.6
2026-09-29 22:02:32,Re-ID Video,arwind,74.68,MATCH,Cosine > 0.6
2026-09-29 22:02:32,Re-ID Video,arwind,74.80,MATCH,Cosine > 0.6
2026-09-29 22:02:32,Re-ID Video,arwind,75.77,MATCH,Cosine > 0.6
2026-09-29 22:02:32,Re-ID Video,arwind,75.92,MATCH,Cosine > 0.6
2026-09-29 22:02:33,Re-ID Video,arwind,74.53,MATCH,Cosine > 0.6
2026-09-29 22:02:33,Re-ID Video,arwind,75.57,MATCH,Cosine > 0.6
2026-09-29 22:02:33,Re-ID Video,arwind,74.50,MATCH,Cosine > 0.6
2026-09-29 22:02:33,Re-ID Video,arwind,75.56,MATCH,Cosine > 0.6
2026-09-29 22:02:33,Re-ID Video,arwind,74.60,MATCH,Cosine > 0.6
2026-09-29 22:02:33,Re-ID Video,arwind,74.77,MATCH,Cosine > 0.6
2026-09-29 22:02:33,Re-ID Video,arwind,75.92,MATCH,Cosine > 0.6
2026-09-29 22:02:33,Re-ID Video,arwind,76.35,MATCH,Cosine > 0.6
2026-09-29 22:02:34,Re-ID Video,arwind,75.31,MATCH,Cosine > 0.6
2026-09-29 22:02:34,Re-ID Video,arwind,74.59,MATCH,Cosine > 0.6
2026-09-29 22:02:34,Re-ID Video,arwind,75.25,MATCH,Cosine > 0.6
2026-09-29 22:02:34,Re-ID Video,arwind,76.53,MATCH,Cosine > 0.6
2026-09-29 22:02:34,Re-ID Video,arwind,76.40,MATCH,Cosine > 0.6
2026-09-29 22:02:34,Re-ID Video,arwind,76.66,MATCH,Cosine > 0.6
2026-09-29 22:02:34,Re-ID Video,arwind,76.60,MATCH,Cosine > 0.6
2026-09-29 22:02:35,Re-ID Video,arwind,75.34,MATCH,Cosine > 0.6
2026-09-29 22:02:35,Re-ID Video,arwind,75.51,MATCH,Cosine > 0.6
2026-09-29 22:02:35,Re-ID Video,arwind,74.67,MATCH,Cosine > 0.6
2026-09-29 22:02:35,Re-ID Video,arwind,75.24,MATCH,Cosine > 0.6
2026-09-29 22:02:35,Re-ID Video,arwind,77.06,MATCH,Cosine > 0.6
2026-09-29 22:02:35,Re-ID Video,arwind,76.86,MATCH,Cosine > 0.6
2026-09-29 22:02:35,Re-ID Video,arwind,77.54,MATCH,Cosine > 0.6
2026-09-29 22:02:35,Re-ID Video,arwind,77.06,MATCH,Cosine > 0.6
2026-09-29 22:02:36,Re-ID Video,arwind,74.88,MATCH,Cosine > 0.6
2026-09-29 22:02:36,Re-ID Video,arwind,75.60,MATCH,Cosine > 0.6
2026-09-29 22:02:36,Re-ID Video,arwind,76.14,MATCH,Cosine > 0.6
2026-09-29 22:02:36,Re-ID Video,arwind,76.77,MATCH,Cosine > 0.6
2026-09-29 22:02:36,Re-ID Video,arwind,76.79,MATCH,Cosine > 0.6
2026-09-29 22:02:36,Re-ID Video,arwind,76.14,MATCH,Cosine > 0.6
2026-09-29 22:02:36,Re-ID Video,arwind,74.01,MATCH,Cosine > 0.6
2026-09-29 22:02:36,Re-ID Video,arwind,75.27,MATCH,Cosine > 0.6
2026-09-29 22:02:37,Re-ID Video,arwind,74.33,MATCH,Cosine > 0.6
2026-09-29 22:02:37,Re-ID Video,arwind,75.15,MATCH,Cosine > 0.6
2026-09-29 22:02:37,Re-ID Video,arwind,76.05,MATCH,Cosine > 0.6
2026-09-29 22:02:37,Re-ID Video,arwind,73.95,MATCH,Cosine > 0.6
2026-09-29 22:02:37,Re-ID Video,arwind,73.02,MATCH,Cosine > 0.6
2026-09-29 22:02:37,Re-ID Video,arwind,72.52,MATCH,Cosine > 0.6
2026-09-29 22:02:37,Re-ID Video,arwind,73.81,MATCH,Cosine > 0.6
2026-09-29 22:02:38,Re-ID Video,arwind,74.61,MATCH,Cosine > 0.6
2026-09-29 22:02:38,Re-ID Video,arwind,74.19,MATCH,Cosine > 0.6
2026-09-29 22:02:38,Re-ID Video,arwind,74.13,MATCH,Cosine > 0.6
2026-09-29 22:02:38,Re-ID Video,arwind,74.54,MATCH,Cosine > 0.6
2026-09-29 22:02:38,Re-ID Video,arwind,73.69,MATCH,Cosine > 0.6
2026-09-29 22:02:38,Re-ID Video,arwind,73.51,MATCH,Cosine > 0.6
2026-09-29 22:02:38,Re-ID Video,arwind,73.43,MATCH,Cosine > 0.6
2026-09-29 22:02:38,Re-ID Video,arwind,73.54,MATCH,Cosine > 0.6
2026-09-29 22:02:39,Re-ID Video,arwind,73.53,MATCH,Cosine > 0.6
2026-09-29 22:02:39,Re-ID Video,arwind,72.41,MATCH,Cosine > 0.6
2026-09-29 22:02:39,Re-ID Video,arwind,70.66,MATCH,Cosine > 0.6
2026-09-29 22:02:39,Re-ID Video,arwind,72.27,MATCH,Cosine > 0.6
2026-09-29 22:02:39,Re-ID Video,arwind,73.54,MATCH,Cosine > 0.6
2026-09-29 22:02:39,Re-ID Video,arwind,72.73,MATCH,Cosine > 0.6
2026-09-29 22:02:39,Re-ID Video,arwind,75.06,MATCH,Cosine > 0.6
2026-09-29 22:02:39,Re-ID Video,arwind,74.62,MATCH,Cosine > 0.6
2026-09-29 22:02:40,Re-ID Video,arwind,73.63,MATCH,Cosine > 0.6
2026-09-29 22:02:40,Re-ID Video,arwind,72.25,MATCH,Cosine > 0.6
2026-09-29 22:02:40,Re-ID Video,arwind,74.67,MATCH,Cosine > 0.6
2026-09-29 22:02:40,Re-ID Video,arwind,75.71,MATCH,Cosine > 0.6
2026-09-29 22:02:40,Re-ID Video,arwind,76.19,MATCH,Cosine > 0.6
2026-09-29 22:02:40,Re-ID Video,arwind,76.66,MATCH,Cosine > 0.6
2026-09-29 22:02:40,Re-ID Video,arwind,77.67,MATCH,Cosine > 0.6
2026-09-29 22:02:41,Re-ID Video,arwind,78.13,MATCH,Cosine > 0.6
2026-09-29 22:02:41,Re-ID Video,arwind,76.68,MATCH,Cosine > 0.6
2026-09-29 22:02:41,Re-ID Video,arwind,75.62,MATCH,Cosine > 0.6
2026-09-29 22:02:41,Re-ID Video,arwind,78.31,MATCH,Cosine > 0.6
2026-09-29 22:02:41,Re-ID Video,arwind,78.41,MATCH,Cosine > 0.6
2026-09-29 22:02:41,Re-ID Video,arwind,79.97,MATCH,Cosine > 0.6
2026-09-29 22:02:42,Re-ID Video,arwind,80.15,MATCH,Cosine > 0.6
2026-09-29 22:02:42,Re-ID Video,arwind,80.07,MATCH,Cosine > 0.6
2026-09-29 22:02:42,Re-ID Video,arwind,79.63,MATCH,Cosine > 0.6
2026-09-29 22:02:42,Re-ID Video,arwind,79.18,MATCH,Cosine > 0.6
2026-09-29 22:02:42,Re-ID Video,arwind,78.52,MATCH,Cosine > 0.6
2026-09-29 22:02:42,Re-ID Video,arwind,78.11,MATCH,Cosine > 0.6
2026-09-29 22:02:42,Re-ID Video,arwind,78.27,MATCH,Cosine > 0.6
2026-09-29 22:02:43,Re-ID Video,arwind,77.52,MATCH,Cosine > 0.6
2026-09-29 22:02:43,Re-ID Video,arwind,76.11,MATCH,Cosine > 0.6
2026-09-29 22:02:43,Re-ID Video,arwind,76.43,MATCH,Cosine > 0.6
2026-09-29 22:02:43,Re-ID Video,arwind,75.65,MATCH,Cosine > 0.6
2026-09-29 22:02:43,Re-ID Video,arwind,76.48,MATCH,Cosine > 0.6
2026-09-29 22:02:43,Re-ID Video,arwind,76.57,MATCH,Cosine > 0.6
2026-09-29 22:02:43,Re-ID Video,arwind,76.78,MATCH,Cosine > 0.6
2026-09-29 22:02:44,Re-ID Video,arwind,75.74,MATCH,Cosine > 0.6
2026-09-29 22:02:44,Re-ID Video,arwind,76.01,MATCH,Cosine > 0.6
2026-09-29 22:02:44,Re-ID Video,arwind,75.69,MATCH,Cosine > 0.6
2026-09-29 22:02:44,Re-ID Video,arwind,76.17,MATCH,Cosine > 0.6
2026-09-29 22:02:44,Re-ID Video,arwind,74.20,MATCH,Cosine > 0.6
2026-09-29 22:02:44,Re-ID Video,arwind,72.52,MATCH,Cosine > 0.6
2026-09-29 22:02:44,Re-ID Video,arwind,74.45,MATCH,Cosine > 0.6
2026-09-29 22:02:45,Re-ID Video,arwind,70.86,MATCH,Cosine > 0.6
2026-09-29 22:02:45,Re-ID Video,arwind,68.79,MATCH,Cosine > 0.6
2026-09-29 22:02:45,Re-ID Video,arwind,69.15,MATCH,Cosine > 0.6
2026-09-29 22:02:45,Re-ID Video,arwind,68.74,MATCH,Cosine > 0.6
2026-09-29 22:02:45,Re-ID Video,arwind,68.09,MATCH,Cosine > 0.6
2026-09-29 22:02:45,Re-ID Video,arwind,68.63,MATCH,Cosine > 0.6
2026-09-29 22:02:46,Re-ID Video,arwind,68.78,MATCH,Cosine > 0.6
2026-09-29 22:02:46,Re-ID Video,arwind,69.02,MATCH,Cosine > 0.6
2026-09-29 22:02:46,Re-ID Video,arwind,67.79,MATCH,Cosine > 0.6
2026-09-29 22:02:46,Re-ID Video,arwind,68.63,MATCH,Cosine > 0.6
2026-09-29 22:02:46,Re-ID Video,arwind,68.60,MATCH,Cosine > 0.6
2026-09-29 22:02:46,Re-ID Video,arwind,72.86,MATCH,Cosine > 0.6
2026-09-29 22:02:46,Re-ID Video,arwind,74.72,MATCH,Cosine > 0.6
2026-09-29 22:02:47,Re-ID Video,arwind,74.34,MATCH,Cosine > 0.6
2026-09-29 22:02:47,Re-ID Video,arwind,74.15,MATCH,Cosine > 0.6
2026-09-29 22:02:47,Re-ID Video,arwind,73.01,MATCH,Cosine > 0.6
2026-09-29 22:02:47,Re-ID Video,arwind,73.58,MATCH,Cosine > 0.6
2026-09-29 22:02:47,Re-ID Video,arwind,74.01,MATCH,Cosine > 0.6
2026-09-29 22:02:47,Re-ID Video,arwind,74.92,MATCH,Cosine > 0.6
2026-09-29 22:02:47,Re-ID Video,arwind,75.25,MATCH,Cosine > 0.6
2026-09-29 22:02:48,Re-ID Video,arwind,75.74,MATCH,Cosine > 0.6
2026-09-29 22:02:48,Re-ID Video,arwind,75.47,MATCH,Cosine > 0.6
2026-09-29 22:02:48,Re-ID Video,arwind,74.09,MATCH,Cosine > 0.6
2026-09-29 22:02:48,Re-ID Video,arwind,75.04,MATCH,Cosine > 0.6
2026-09-29 22:02:48,Re-ID Video,arwind,75.10,MATCH,Cosine > 0.6
2026-09-29 22:02:48,Re-ID Video,arwind,74.10,MATCH,Cosine > 0.6
2026-09-29 22:02:48,Re-ID Video,arwind,74.28,MATCH,Cosine > 0.6
2026-09-29 22:02:49,Re-ID Video,arwind,73.96,MATCH,Cosine > 0.6
2026-09-29 22:02:49,Re-ID Video,arwind,71.63,MATCH,Cosine > 0.6
2026-09-29 22:02:49,Re-ID Video,arwind,72.18,MATCH,Cosine > 0.6
2026-09-29 22:02:49,Re-ID Video,arwind,71.70,MATCH,Cosine > 0.6
2026-09-29 22:02:49,Re-ID Video,arwind,71.97,MATCH,Cosine > 0.6
2026-09-29 22:02:49,Re-ID Video,arwind,71.95,MATCH,Cosine > 0.6
2026-09-29 22:02:49,Re-ID Video,arwind,73.10,MATCH,Cosine > 0.6
2026-09-29 22:02:50,Re-ID Video,arwind,73.56,MATCH,Cosine > 0.6
2026-09-29 22:02:50,Re-ID Video,arwind,74.09,MATCH,Cosine > 0.6
2026-09-29 22:02:50,Re-ID Video,arwind,74.22,MATCH,Cosine > 0.6
2026-09-29 22:02:50,Re-ID Video,arwind,74.12,MATCH,Cosine > 0.6
2026-09-29 22:02:50,Re-ID Video,arwind,73.89,MATCH,Cosine > 0.6
2026-09-29 22:02:50,Re-ID Video,arwind,73.43,MATCH,Cosine > 0.6
2026-09-29 22:02:50,Re-ID Video,arwind,71.04,MATCH,Cosine > 0.6
2026-09-29 22:02:50,Re-ID Video,arwind,70.31,MATCH,Cosine > 0.6
2026-09-29 22:02:51,Re-ID Video,arwind,69.60,MATCH,Cosine > 0.6
2026-09-29 22:02:51,Re-ID Video,arwind,71.41,MATCH,Cosine > 0.6
2026-09-29 22:02:51,Re-ID Video,arwind,69.77,MATCH,Cosine > 0.6
2026-09-29 22:02:51,Re-ID Video,arwind,73.56,MATCH,Cosine > 0.6
2026-09-29 22:02:51,Re-ID Video,arwind,71.19,MATCH,Cosine > 0.6
2026-09-29 22:02:51,Re-ID Video,arwind,72.48,MATCH,Cosine > 0.6
2026-09-29 22:02:51,Re-ID Video,arwind,72.02,MATCH,Cosine > 0.6
2026-09-29 22:02:52,Re-ID Video,arwind,72.35,MATCH,Cosine > 0.6
2026-09-29 22:02:52,Re-ID Video,arwind,72.77,MATCH,Cosine > 0.6
2026-09-29 22:02:52,Re-ID Video,arwind,73.88,MATCH,Cosine > 0.6
2026-09-29 22:02:52,Re-ID Video,arwind,75.69,MATCH,Cosine > 0.6
2026-09-29 22:02:52,Re-ID Video,arwind,74.99,MATCH,Cosine > 0.6
2026-09-29 22:02:52,Re-ID Video,arwind,73.35,MATCH,Cosine > 0.6
2026-09-29 22:02:52,Re-ID Video,arwind,73.49,MATCH,Cosine > 0.6
2026-09-29 22:02:52,Re-ID Video,arwind,74.32,MATCH,Cosine > 0.6
2026-09-29 22:02:53,Re-ID Video,arwind,74.67,MATCH,Cosine > 0.6
2026-09-29 22:02:53,Re-ID Video,arwind,72.93,MATCH,Cosine > 0.6
2026-09-29 22:02:53,Re-ID Video,arwind,72.37,MATCH,Cosine > 0.6
2026-09-29 22:02:53,Re-ID Video,arwind,73.21,MATCH,Cosine > 0.6
2026-09-29 22:02:53,Re-ID Video,arwind,71.20,MATCH,Cosine > 0.6
2026-09-29 22:02:53,Re-ID Video,arwind,72.12,MATCH,Cosine > 0.6
2026-09-29 22:02:53,Re-ID Video,arwind,70.66,MATCH,Cosine > 0.6
2026-09-29 22:02:54,Re-ID Video,arwind,69.55,MATCH,Cosine > 0.6
2026-09-29 22:02:54,Re-ID Video,arwind,70.96,MATCH,Cosine > 0.6
2026-09-29 22:02:54,Re-ID Video,arwind,69.90,MATCH,Cosine > 0.6
2026-09-29 22:02:54,Re-ID Video,arwind,73.12,MATCH,Cosine > 0.6
2026-09-29 22:02:54,Re-ID Video,arwind,74.54,MATCH,Cosine > 0.6
2026-09-29 22:02:54,Re-ID Video,arwind,73.53,MATCH,Cosine > 0.6
2026-09-29 22:02:54,Re-ID Video,arwind,74.53,MATCH,Cosine > 0.6
2026-09-29 22:02:55,Re-ID Video,arwind,74.56,MATCH,Cosine > 0.6
2026-09-29 22:02:55,Re-ID Video,arwind,73.87,MATCH,Cosine > 0.6
2026-09-29 22:02:55,Re-ID Video,arwind,74.80,MATCH,Cosine > 0.6
2026-09-29 22:02:55,Re-ID Video,arwind,74.80,MATCH,Cosine > 0.6
2026-09-29 22:02:55,Re-ID Video,arwind,75.42,MATCH,Cosine > 0.6
2026-09-29 22:02:55,Re-ID Video,arwind,76.29,MATCH,Cosine > 0.6
2026-09-29 22:02:55,Re-ID Video,arwind,76.97,MATCH,Cosine > 0.6
2026-09-29 22:02:56,Re-ID Video,arwind,77.13,MATCH,Cosine > 0.6
2026-09-29 22:02:56,Re-ID Video,arwind,77.68,MATCH,Cosine > 0.6
2026-09-29 22:02:56,Re-ID Video,arwind,78.06,MATCH,Cosine > 0.6
2026-09-29 22:02:56,Re-ID Video,arwind,78.85,MATCH,Cosine > 0.6
2026-09-29 22:02:56,Re-ID Video,arwind,79.16,MATCH,Cosine > 0.6
2026-09-29 22:02:56,Re-ID Video,arwind,78.71,MATCH,Cosine > 0.6
2026-09-29 22:02:56,Re-ID Video,arwind,79.01,MATCH,Cosine > 0.6
2026-09-29 22:02:57,Re-ID Video,arwind,78.98,MATCH,Cosine > 0.6
2026-09-29 22:02:57,Re-ID Video,arwind,78.06,MATCH,Cosine > 0.6
2026-09-29 22:02:57,Re-ID Video,arwind,78.45,MATCH,Cosine > 0.6
2026-09-29 22:02:57,Re-ID Video,arwind,78.82,MATCH,Cosine > 0.6
2026-09-29 22:02:57,Re-ID Video,arwind,79.27,MATCH,Cosine > 0.6
2026-09-29 22:02:57,Re-ID Video,arwind,79.13,MATCH,Cosine > 0.6
2026-09-29 22:02:57,Re-ID Video,arwind,78.53,MATCH,Cosine > 0.6
2026-09-29 22:02:57,Re-ID Video,arwind,77.15,MATCH,Cosine > 0.6
2026-09-29 22:02:58,Re-ID Video,arwind,78.09,MATCH,Cosine > 0.6
2026-09-29 22:02:58,Re-ID Video,arwind,78.55,MATCH,Cosine > 0.6
2026-09-29 22:02:58,Re-ID Video,arwind,78.94,MATCH,Cosine > 0.6
2026-09-29 22:02:58,Re-ID Video,arwind,78.92,MATCH,Cosine > 0.6
2026-09-29 22:02:58,Re-ID Video,arwind,79.02,MATCH,Cosine > 0.6
2026-09-29 22:02:58,Re-ID Video,arwind,79.87,MATCH,Cosine > 0.6
2026-09-29 22:02:58,Re-ID Video,arwind,80.16,MATCH,Cosine > 0.6
2026-09-29 22:02:59,Re-ID Video,arwind,78.46,MATCH,Cosine > 0.6
2026-09-29 22:02:59,Re-ID Video,arwind,77.24,MATCH,Cosine > 0.6
2026-09-29 22:02:59,Re-ID Video,arwind,74.35,MATCH,Cosine > 0.6
2026-09-29 22:02:59,Re-ID Video,arwind,72.17,MATCH,Cosine > 0.6
2026-09-29 22:02:59,Re-ID Video,arwind,73.80,MATCH,Cosine > 0.6
2026-09-29 22:02:59,Re-ID Video,arwind,71.68,MATCH,Cosine > 0.6
2026-09-29 22:03:00,Re-ID Video,arwind,72.39,MATCH,Cosine > 0.6
2026-09-29 22:03:00,Re-ID Video,arwind,73.54,MATCH,Cosine > 0.6
2026-09-29 22:03:00,Re-ID Video,arwind,72.24,MATCH,Cosine > 0.6
2026-09-29 22:03:00,Re-ID Video,arwind,72.06,MATCH,Cosine > 0.6
2026-09-29 22:03:00,Re-ID Video,arwind,74.39,MATCH,Cosine > 0.6
2026-09-29 22:03:00,Re-ID Video,arwind,75.58,MATCH,Cosine > 0.6
2026-09-29 22:03:00,Re-ID Video,arwind,76.15,MATCH,Cosine > 0.6
2026-09-29 22:03:01,Re-ID Video,arwind,75.84,MATCH,Cosine > 0.6
2026-09-29 22:03:01,Re-ID Video,arwind,75.51,MATCH,Cosine > 0.6
2026-09-29 22:03:01,Re-ID Video,arwind,74.54,MATCH,Cosine > 0.6
2026-09-29 22:03:01,Re-ID Video,arwind,74.27,MATCH,Cosine > 0.6
2026-09-29 22:03:01,Re-ID Video,arwind,74.10,MATCH,Cosine > 0.6
2026-09-29 22:03:01,Re-ID Video,arwind,73.09,MATCH,Cosine > 0.6
2026-09-29 22:03:02,Re-ID Video,arwind,73.23,MATCH,Cosine > 0.6
2026-09-29 22:03:02,Re-ID Video,arwind,73.30,MATCH,Cosine > 0.6
2026-09-29 22:03:02,Re-ID Video,arwind,74.03,MATCH,Cosine > 0.6
2026-09-29 22:03:02,Re-ID Video,arwind,74.15,MATCH,Cosine > 0.6
2026-09-29 22:03:02,Re-ID Video,arwind,74.35,MATCH,Cosine > 0.6
2026-09-29 22:03:02,Re-ID Video,arwind,74.11,MATCH,Cosine > 0.6
2026-09-29 22:03:02,Re-ID Video,arwind,75.13,MATCH,Cosine > 0.6
2026-09-29 22:03:03,Re-ID Video,arwind,75.00,MATCH,Cosine > 0.6
2026-09-29 22:03:03,Re-ID Video,arwind,74.98,MATCH,Cosine > 0.6
2026-09-29 22:03:03,Re-ID Video,arwind,73.77,MATCH,Cosine > 0.6
2026-09-29 22:03:03,Re-ID Video,arwind,73.71,MATCH,Cosine > 0.6
2026-09-29 22:03:03,Re-ID Video,arwind,72.33,MATCH,Cosine > 0.6
2026-09-29 22:03:03,Re-ID Video,arwind,72.12,MATCH,Cosine > 0.6
2026-09-29 22:03:04,Re-ID Video,arwind,71.43,MATCH,Cosine > 0.6
2026-09-29 22:03:04,Re-ID Video,arwind,71.73,MATCH,Cosine > 0.6
2026-09-29 22:03:04,Re-ID Video,arwind,70.20,MATCH,Cosine > 0.6
2026-09-29 22:03:04,Re-ID Video,arwind,70.68,MATCH,Cosine > 0.6
2026-09-29 22:03:04,Re-ID Video,arwind,71.77,MATCH,Cosine > 0.6
2026-09-29 22:03:04,Re-ID Video,arwind,70.86,MATCH,Cosine > 0.6
2026-09-29 22:03:04,Re-ID Video,arwind,71.44,MATCH,Cosine > 0.6
2026-09-29 22:03:05,Re-ID Video,arwind,70.80,MATCH,Cosine > 0.6
2026-09-29 22:03:05,Re-ID Video,arwind,71.30,MATCH,Cosine > 0.6
2026-09-29 22:03:05,Re-ID Video,arwind,71.60,MATCH,Cosine > 0.6
2026-09-29 22:03:05,Re-ID Video,arwind,73.35,MATCH,Cosine > 0.6
2026-09-29 22:03:05,Re-ID Video,arwind,72.18,MATCH,Cosine > 0.6
2026-09-29 22:03:05,Re-ID Video,arwind,72.75,MATCH,Cosine > 0.6
2026-09-29 22:03:05,Re-ID Video,arwind,74.44,MATCH,Cosine > 0.6
2026-09-29 22:03:06,Re-ID Video,arwind,72.12,MATCH,Cosine > 0.6
2026-09-29 22:03:06,Re-ID Video,arwind,73.74,MATCH,Cosine > 0.6
2026-09-29 22:03:06,Re-ID Video,arwind,73.65,MATCH,Cosine > 0.6
2026-09-29 22:03:06,Re-ID Video,arwind,73.31,MATCH,Cosine > 0.6
2026-09-29 22:03:06,Re-ID Video,arwind,72.85,MATCH,Cosine > 0.6
2026-09-29 22:03:06,Re-ID Video,arwind,72.11,MATCH,Cosine > 0.6
2026-09-29 22:03:06,Re-ID Video,arwind,73.00,MATCH,Cosine > 0.6
2026-09-29 22:03:07,Re-ID Video,arwind,74.10,MATCH,Cosine > 0.6
2026-09-29 22:03:07,Re-ID Video,arwind,73.97,MATCH,Cosine > 0.6
2026-09-29 22:03:07,Re-ID Video,arwind,75.07,MATCH,Cosine > 0.6
2026-09-29 22:03:07,Re-ID Video,arwind,73.74,MATCH,Cosine > 0.6
2026-09-29 22:03:07,Re-ID Video,arwind,74.01,MATCH,Cosine > 0.6
2026-09-29 22:03:07,Re-ID Video,arwind,73.32,MATCH,Cosine > 0.6
2026-09-29 22:03:07,Re-ID Video,arwind,73.28,MATCH,Cosine > 0.6
2026-09-29 22:03:07,Re-ID Video,arwind,73.50,MATCH,Cosine > 0.6
2026-09-29 22:03:08,Re-ID Video,arwind,74.70,MATCH,Cosine > 0.6
2026-09-29 22:03:08,Re-ID Video,arwind,74.04,MATCH,Cosine > 0.6
2026-09-29 22:03:08,Re-ID Video,arwind,74.45,MATCH,Cosine > 0.6
2026-09-29 22:03:08,Re-ID Video,arwind,76.41,MATCH,Cosine > 0.6
2026-09-29 22:03:08,Re-ID Video,arwind,76.38,MATCH,Cosine > 0.6
2026-09-29 22:03:08,Re-ID Video,arwind,76.24,MATCH,Cosine > 0.6
2026-09-29 22:03:08,Re-ID Video,arwind,77.29,MATCH,Cosine > 0.6
2026-09-29 22:03:09,Re-ID Video,arwind,77.92,MATCH,Cosine > 0.6
2026-09-29 22:03:09,Re-ID Video,arwind,76.99,MATCH,Cosine > 0.6
2026-09-29 22:03:09,Re-ID Video,arwind,77.50,MATCH,Cosine > 0.6
2026-09-29 22:03:09,Re-ID Video,arwind,77.99,MATCH,Cosine > 0.6
2026-09-29 22:03:09,Re-ID Video,arwind,77.40,MATCH,Cosine > 0.6
2026-09-29 22:03:09,Re-ID Video,arwind,78.35,MATCH,Cosine > 0.6
2026-09-29 22:03:09,Re-ID Video,arwind,78.54,MATCH,Cosine > 0.6
2026-09-29 22:03:10,Re-ID Video,arwind,79.22,MATCH,Cosine > 0.6
2026-09-29 22:03:10,Re-ID Video,arwind,77.70,MATCH,Cosine > 0.6
2026-09-29 22:03:10,Re-ID Video,arwind,78.47,MATCH,Cosine > 0.6
2026-09-29 22:03:10,Re-ID Video,arwind,78.64,MATCH,Cosine > 0.6
2026-09-29 22:03:10,Re-ID Video,arwind,77.30,MATCH,Cosine > 0.6
2026-09-29 22:03:10,Re-ID Video,arwind,77.67,MATCH,Cosine > 0.6
2026-09-29 22:03:10,Re-ID Video,arwind,77.55,MATCH,Cosine > 0.6
2026-09-29 22:03:11,Re-ID Video,arwind,76.51,MATCH,Cosine > 0.6
2026-09-29 22:03:11,Re-ID Video,arwind,77.34,MATCH,Cosine > 0.6
2026-09-29 22:03:11,Re-ID Video,arwind,78.17,MATCH,Cosine > 0.6
2026-09-29 22:03:11,Re-ID Video,arwind,77.52,MATCH,Cosine > 0.6
2026-09-29 22:03:11,Re-ID Video,arwind,76.81,MATCH,Cosine > 0.6
2026-09-29 22:03:11,Re-ID Video,arwind,77.97,MATCH,Cosine > 0.6
2026-09-29 22:03:12,Re-ID Video,arwind,76.56,MATCH,Cosine > 0.6
2026-09-29 22:03:12,Re-ID Video,arwind,76.64,MATCH,Cosine > 0.6
2026-09-29 22:03:12,Re-ID Video,arwind,77.46,MATCH,Cosine > 0.6
2026-09-29 22:03:12,Re-ID Video,arwind,77.07,MATCH,Cosine > 0.6
2026-09-29 22:03:12,Re-ID Video,arwind,77.55,MATCH,Cosine > 0.6
2026-09-29 22:03:12,Re-ID Video,arwind,77.58,MATCH,Cosine > 0.6
2026-09-29 22:03:12,Re-ID Video,arwind,78.14,MATCH,Cosine > 0.6
2026-09-29 22:03:13,Re-ID Video,arwind,77.42,MATCH,Cosine > 0.6
2026-09-29 22:03:13,Re-ID Video,arwind,78.44,MATCH,Cosine > 0.6
2026-09-29 22:03:13,Re-ID Video,arwind,78.60,MATCH,Cosine > 0.6
2026-09-29 22:03:13,Re-ID Video,arwind,80.57,MATCH,Cosine > 0.6
2026-09-29 22:03:13,Re-ID Video,arwind,79.56,MATCH,Cosine > 0.6
2026-09-29 22:03:13,Re-ID Video,arwind,80.51,MATCH,Cosine > 0.6
2026-09-29 22:03:13,Re-ID Video,arwind,79.11,MATCH,Cosine > 0.6
2026-09-29 22:03:14,Re-ID Video,arwind,76.75,MATCH,Cosine > 0.6
2026-09-29 22:03:14,Re-ID Video,arwind,75.00,MATCH,Cosine > 0.6
2026-09-29 22:03:14,Re-ID Video,arwind,72.95,MATCH,Cosine > 0.6
2026-09-29 22:03:14,Re-ID Video,arwind,72.71,MATCH,Cosine > 0.6
2026-09-29 22:03:14,Re-ID Video,arwind,71.75,MATCH,Cosine > 0.6
2026-09-29 22:03:14,Re-ID Video,arwind,73.69,MATCH,Cosine > 0.6
2026-09-29 22:03:14,Re-ID Video,arwind,74.11,MATCH,Cosine > 0.6
2026-09-29 22:03:15,Re-ID Video,arwind,73.77,MATCH,Cosine > 0.6
2026-09-29 22:03:15,Re-ID Video,arwind,74.92,MATCH,Cosine > 0.6
2026-09-29 22:03:15,Re-ID Video,arwind,73.48,MATCH,Cosine > 0.6
2026-09-29 22:03:15,Re-ID Video,arwind,75.31,MATCH,Cosine > 0.6
2026-09-29 22:03:15,Re-ID Video,arwind,75.03,MATCH,Cosine > 0.6
2026-09-29 22:03:15,Re-ID Video,arwind,73.33,MATCH,Cosine > 0.6
2026-09-29 22:03:15,Re-ID Video,arwind,74.73,MATCH,Cosine > 0.6
2026-09-29 22:03:16,Re-ID Video,arwind,75.89,MATCH,Cosine > 0.6
2026-09-29 22:03:16,Re-ID Video,arwind,73.62,MATCH,Cosine > 0.6
2026-09-29 22:03:16,Re-ID Video,arwind,74.44,MATCH,Cosine > 0.6
2026-09-29 22:03:16,Re-ID Video,arwind,74.47,MATCH,Cosine > 0.6
2026-09-29 22:03:16,Re-ID Video,arwind,75.16,MATCH,Cosine > 0.6
2026-09-29 22:03:16,Re-ID Video,arwind,75.84,MATCH,Cosine > 0.6
2026-09-29 22:03:16,Re-ID Video,arwind,75.72,MATCH,Cosine > 0.6
2026-09-29 22:03:17,Re-ID Video,arwind,75.28,MATCH,Cosine > 0.6
2026-09-29 22:03:17,Re-ID Video,arwind,73.99,MATCH,Cosine > 0.6
2026-09-29 22:03:17,Re-ID Video,arwind,74.24,MATCH,Cosine > 0.6
2026-09-29 22:03:17,Re-ID Video,arwind,75.32,MATCH,Cosine > 0.6
2026-09-29 22:03:17,Re-ID Video,arwind,75.96,MATCH,Cosine > 0.6
2026-09-29 22:03:17,Re-ID Video,arwind,76.43,MATCH,Cosine > 0.6
2026-09-29 22:03:17,Re-ID Video,arwind,76.27,MATCH,Cosine > 0.6
2026-09-29 22:03:17,Re-ID Video,arwind,75.74,MATCH,Cosine > 0.6
2026-09-29 22:03:18,Re-ID Video,arwind,73.85,MATCH,Cosine > 0.6
2026-09-29 22:03:18,Re-ID Video,arwind,73.53,MATCH,Cosine > 0.6
2026-09-29 22:03:18,Re-ID Video,arwind,73.50,MATCH,Cosine > 0.6
2026-09-29 22:03:18,Re-ID Video,arwind,72.55,MATCH,Cosine > 0.6
2026-09-29 22:03:18,Re-ID Video,arwind,72.07,MATCH,Cosine > 0.6
2026-09-29 22:03:18,Re-ID Video,arwind,72.95,MATCH,Cosine > 0.6
2026-09-29 22:03:19,Re-ID Video,arwind,72.77,MATCH,Cosine > 0.6
2026-09-29 22:03:19,Re-ID Video,arwind,73.42,MATCH,Cosine > 0.6
2026-09-29 22:03:19,Re-ID Video,arwind,73.92,MATCH,Cosine > 0.6
2026-09-29 22:03:19,Re-ID Video,arwind,73.22,MATCH,Cosine > 0.6
2026-09-29 22:03:19,Re-ID Video,arwind,71.92,MATCH,Cosine > 0.6
2026-09-29 22:03:19,Re-ID Video,arwind,71.69,MATCH,Cosine > 0.6
2026-09-29 22:03:20,Re-ID Video,arwind,71.64,MATCH,Cosine > 0.6
2026-09-29 22:03:20,Re-ID Video,arwind,70.82,MATCH,Cosine > 0.6
2026-09-29 22:03:20,Re-ID Video,arwind,70.63,MATCH,Cosine > 0.6
2026-09-29 22:03:20,Re-ID Video,arwind,70.23,MATCH,Cosine > 0.6
2026-09-29 22:03:20,Re-ID Video,arwind,70.27,MATCH,Cosine > 0.6
2026-09-29 22:03:20,Re-ID Video,arwind,71.55,MATCH,Cosine > 0.6
2026-09-29 22:03:21,Re-ID Video,arwind,72.96,MATCH,Cosine > 0.6
2026-09-29 22:03:21,Re-ID Video,arwind,73.16,MATCH,Cosine > 0.6
2026-09-29 22:03:21,Re-ID Video,arwind,72.80,MATCH,Cosine > 0.6
2026-09-29 22:03:21,Re-ID Video,arwind,73.80,MATCH,Cosine > 0.6
2026-09-29 22:03:21,Re-ID Video,arwind,74.77,MATCH,Cosine > 0.6
2026-09-29 22:03:21,Re-ID Video,arwind,74.74,MATCH,Cosine > 0.6
2026-09-29 22:03:21,Re-ID Video,arwind,75.03,MATCH,Cosine > 0.6
2026-09-29 22:03:21,Re-ID Video,arwind,75.00,MATCH,Cosine > 0.6
2026-09-29 22:03:22,Re-ID Video,arwind,75.22,MATCH,Cosine > 0.6
2026-09-29 22:03:22,Re-ID Video,arwind,74.90,MATCH,Cosine > 0.6
2026-09-29 22:03:22,Re-ID Video,arwind,75.83,MATCH,Cosine > 0.6
2026-09-29 22:03:22,Re-ID Video,arwind,77.09,MATCH,Cosine > 0.6
2026-09-29 22:03:22,Re-ID Video,arwind,75.67,MATCH,Cosine > 0.6
2026-09-29 22:03:22,Re-ID Video,arwind,75.88,MATCH,Cosine > 0.6
2026-09-29 22:03:23,Re-ID Video,arwind,74.69,MATCH,Cosine > 0.6
2026-09-29 22:03:23,Re-ID Video,arwind,74.25,MATCH,Cosine > 0.6
2026-09-29 22:03:23,Re-ID Video,arwind,72.70,MATCH,Cosine > 0.6
2026-09-29 22:03:23,Re-ID Video,arwind,71.39,MATCH,Cosine > 0.6
2026-09-29 22:03:23,Re-ID Video,arwind,73.75,MATCH,Cosine > 0.6
2026-09-29 22:03:23,Re-ID Video,arwind,75.45,MATCH,Cosine > 0.6
2026-09-29 22:03:24,Re-ID Video,arwind,75.92,MATCH,Cosine > 0.6
2026-09-29 22:03:24,Re-ID Video,arwind,76.54,MATCH,Cosine > 0.6
2026-09-29 22:03:24,Re-ID Video,arwind,76.82,MATCH,Cosine > 0.6
2026-09-29 22:03:24,Re-ID Video,arwind,76.24,MATCH,Cosine > 0.6
2026-09-29 22:03:24,Re-ID Video,arwind,76.26,MATCH,Cosine > 0.6
2026-09-29 22:03:24,Re-ID Video,arwind,76.72,MATCH,Cosine > 0.6
2026-09-29 22:03:25,Re-ID Video,arwind,76.53,MATCH,Cosine > 0.6
2026-09-29 22:03:25,Re-ID Video,arwind,77.01,MATCH,Cosine > 0.6
2026-09-29 22:03:25,Re-ID Video,arwind,77.80,MATCH,Cosine > 0.6
2026-09-29 22:03:25,Re-ID Video,arwind,78.68,MATCH,Cosine > 0.6
2026-09-29 22:03:25,Re-ID Video,arwind,78.36,MATCH,Cosine > 0.6
2026-09-29 22:03:25,Re-ID Video,arwind,78.85,MATCH,Cosine > 0.6
2026-09-29 22:03:26,Re-ID Video,arwind,77.68,MATCH,Cosine > 0.6
2026-09-29 22:03:26,Re-ID Video,arwind,78.79,MATCH,Cosine > 0.6
2026-09-29 22:03:26,Re-ID Video,arwind,78.95,MATCH,Cosine > 0.6
2026-09-29 22:03:26,Re-ID Video,arwind,80.21,MATCH,Cosine > 0.6
2026-09-29 22:03:26,Re-ID Video,arwind,80.30,MATCH,Cosine > 0.6
2026-09-29 22:03:26,Re-ID Video,arwind,80.20,MATCH,Cosine > 0.6
2026-09-29 22:03:27,Re-ID Video,arwind,80.21,MATCH,Cosine > 0.6
2026-09-29 22:03:27,Re-ID Video,arwind,79.48,MATCH,Cosine > 0.6
2026-09-29 22:03:27,Re-ID Video,arwind,78.58,MATCH,Cosine > 0.6
2026-09-29 22:03:27,Re-ID Video,arwind,79.68,MATCH,Cosine > 0.6
2026-09-29 22:03:27,Re-ID Video,arwind,79.16,MATCH,Cosine > 0.6
2026-09-29 22:03:27,Re-ID Video,arwind,78.46,MATCH,Cosine > 0.6
2026-09-29 22:03:27,Re-ID Video,arwind,78.94,MATCH,Cosine > 0.6
2026-09-29 22:03:28,Re-ID Video,arwind,78.97,MATCH,Cosine > 0.6
2026-09-29 22:03:28,Re-ID Video,arwind,78.99,MATCH,Cosine > 0.6
2026-09-29 22:03:28,Re-ID Video,arwind,77.20,MATCH,Cosine > 0.6
2026-09-29 22:03:28,Re-ID Video,arwind,75.58,MATCH,Cosine > 0.6
2026-09-29 22:03:28,Re-ID Video,arwind,74.44,MATCH,Cosine > 0.6
2026-09-29 22:03:28,Re-ID Video,arwind,76.47,MATCH,Cosine > 0.6
2026-09-29 22:03:28,Re-ID Video,arwind,78.18,MATCH,Cosine > 0.6
2026-09-29 22:03:29,Re-ID Video,arwind,77.86,MATCH,Cosine > 0.6
2026-09-29 22:03:29,Re-ID Video,arwind,76.24,MATCH,Cosine > 0.6
2026-09-29 22:03:29,Re-ID Video,arwind,76.58,MATCH,Cosine > 0.6
2026-09-29 22:03:29,Re-ID Video,arwind,75.29,MATCH,Cosine > 0.6
2026-09-29 22:03:29,Re-ID Video,arwind,76.58,MATCH,Cosine > 0.6
2026-09-29 22:03:29,Re-ID Video,arwind,75.40,MATCH,Cosine > 0.6
2026-09-29 22:03:30,Re-ID Video,arwind,74.24,MATCH,Cosine > 0.6
2026-09-29 22:03:30,Re-ID Video,arwind,74.97,MATCH,Cosine > 0.6
2026-09-29 22:03:30,Re-ID Video,arwind,74.37,MATCH,Cosine > 0.6
2026-09-29 22:03:30,Re-ID Video,arwind,74.19,MATCH,Cosine > 0.6
2026-09-29 22:03:30,Re-ID Video,arwind,75.60,MATCH,Cosine > 0.6
2026-09-29 22:03:30,Re-ID Video,arwind,75.72,MATCH,Cosine > 0.6
2026-09-29 22:03:30,Re-ID Video,arwind,76.29,MATCH,Cosine > 0.6
2026-09-29 22:03:31,Re-ID Video,arwind,75.78,MATCH,Cosine > 0.6
2026-09-29 22:03:31,Re-ID Video,arwind,75.85,MATCH,Cosine > 0.6
2026-09-29 22:03:31,Re-ID Video,arwind,74.85,MATCH,Cosine > 0.6
2026-09-29 22:03:31,Re-ID Video,arwind,74.71,MATCH,Cosine > 0.6
2026-09-29 22:03:31,Re-ID Video,arwind,74.38,MATCH,Cosine > 0.6
2026-09-29 22:03:32,Re-ID Video,arwind,74.48,MATCH,Cosine > 0.6
2026-09-29 22:03:32,Re-ID Video,arwind,74.64,MATCH,Cosine > 0.6
2026-09-29 22:03:32,Re-ID Video,arwind,76.56,MATCH,Cosine > 0.6
2026-09-29 22:03:32,Re-ID Video,arwind,77.56,MATCH,Cosine > 0.6
2026-09-29 22:03:32,Re-ID Video,arwind,78.20,MATCH,Cosine > 0.6
2026-09-29 22:03:32,Re-ID Video,arwind,77.69,MATCH,Cosine > 0.6
2026-09-29 22:03:32,Re-ID Video,arwind,78.10,MATCH,Cosine > 0.6
2026-09-29 22:03:33,Re-ID Video,arwind,76.96,MATCH,Cosine > 0.6
2026-09-29 22:03:33,Re-ID Video,arwind,75.42,MATCH,Cosine > 0.6
2026-09-29 22:03:33,Re-ID Video,arwind,74.86,MATCH,Cosine > 0.6
2026-09-29 22:03:33,Re-ID Video,arwind,74.99,MATCH,Cosine > 0.6
2026-09-29 22:03:33,Re-ID Video,arwind,74.94,MATCH,Cosine > 0.6
2026-09-29 22:03:34,Re-ID Video,arwind,73.58,MATCH,Cosine > 0.6
2026-09-29 22:03:34,Re-ID Video,arwind,74.34,MATCH,Cosine > 0.6
2026-09-29 22:03:34,Re-ID Video,arwind,74.44,MATCH,Cosine > 0.6
2026-09-29 22:03:34,Re-ID Video,arwind,75.28,MATCH,Cosine > 0.6
2026-09-29 22:03:34,Re-ID Video,arwind,74.05,MATCH,Cosine > 0.6
2026-09-29 22:03:34,Re-ID Video,arwind,73.57,MATCH,Cosine > 0.6
2026-09-29 22:03:35,Re-ID Video,arwind,73.49,MATCH,Cosine > 0.6
2026-09-29 22:03:35,Re-ID Video,arwind,72.95,MATCH,Cosine > 0.6
2026-09-29 22:03:35,Re-ID Video,arwind,73.27,MATCH,Cosine > 0.6
2026-09-29 22:03:35,Re-ID Video,arwind,73.42,MATCH,Cosine > 0.6
2026-09-29 22:03:35,Re-ID Video,arwind,74.60,MATCH,Cosine > 0.6
2026-09-29 22:03:35,Re-ID Video,arwind,73.27,MATCH,Cosine > 0.6
2026-09-29 22:03:36,Re-ID Video,arwind,74.23,MATCH,Cosine > 0.6
2026-09-29 22:03:36,Re-ID Video,arwind,72.50,MATCH,Cosine > 0.6
2026-09-29 22:03:36,Re-ID Video,arwind,71.65,MATCH,Cosine > 0.6
2026-09-29 22:03:36,Re-ID Video,arwind,70.97,MATCH,Cosine > 0.6
2026-09-29 22:03:36,Re-ID Video,arwind,69.85,MATCH,Cosine > 0.6
2026-09-29 22:03:36,Re-ID Video,arwind,71.64,MATCH,Cosine > 0.6
2026-09-29 22:03:37,Re-ID Video,arwind,71.98,MATCH,Cosine > 0.6
2026-09-29 22:03:37,Re-ID Video,arwind,72.88,MATCH,Cosine > 0.6
2026-09-29 22:03:37,Re-ID Video,arwind,71.37,MATCH,Cosine > 0.6
2026-09-29 22:03:37,Re-ID Video,arwind,71.73,MATCH,Cosine > 0.6
2026-09-29 22:03:37,Re-ID Video,arwind,72.00,MATCH,Cosine > 0.6
2026-09-29 22:03:37,Re-ID Video,arwind,70.48,MATCH,Cosine > 0.6
2026-09-29 22:03:37,Re-ID Video,arwind,73.67,MATCH,Cosine > 0.6
2026-09-29 22:03:38,Re-ID Video,arwind,73.54,MATCH,Cosine > 0.6
2026-09-29 22:03:38,Re-ID Video,arwind,73.26,MATCH,Cosine > 0.6
2026-09-29 22:03:38,Re-ID Video,arwind,73.79,MATCH,Cosine > 0.6
2026-09-29 22:03:38,Re-ID Video,arwind,74.42,MATCH,Cosine > 0.6
2026-09-29 22:03:38,Re-ID Video,arwind,75.94,MATCH,Cosine > 0.6
2026-09-29 22:03:38,Re-ID Video,arwind,74.96,MATCH,Cosine > 0.6
2026-09-29 22:03:38,Re-ID Video,arwind,74.77,MATCH,Cosine > 0.6
2026-09-29 22:03:39,Re-ID Video,arwind,74.19,MATCH,Cosine > 0.6
2026-09-29 22:03:39,Re-ID Video,arwind,74.39,MATCH,Cosine > 0.6
2026-09-29 22:03:39,Re-ID Video,arwind,74.70,MATCH,Cosine > 0.6
2026-09-29 22:03:39,Re-ID Video,arwind,75.61,MATCH,Cosine > 0.6
2026-09-29 22:03:39,Re-ID Video,arwind,75.65,MATCH,Cosine > 0.6
2026-09-29 22:03:39,Re-ID Video,arwind,75.37,MATCH,Cosine > 0.6
2026-09-29 22:03:39,Re-ID Video,arwind,74.95,MATCH,Cosine > 0.6
2026-09-29 22:03:40,Re-ID Video,arwind,75.07,MATCH,Cosine > 0.6
2026-09-29 22:03:40,Re-ID Video,arwind,74.36,MATCH,Cosine > 0.6
2026-09-29 22:03:40,Re-ID Video,arwind,74.60,MATCH,Cosine > 0.6
2026-09-29 22:03:40,Re-ID Video,arwind,74.90,MATCH,Cosine > 0.6
2026-09-29 22:03:40,Re-ID Video,arwind,74.53,MATCH,Cosine > 0.6
2026-09-29 22:03:40,Re-ID Video,arwind,74.64,MATCH,Cosine > 0.6
2026-09-29 22:03:41,Re-ID Video,arwind,76.26,MATCH,Cosine > 0.6
2026-09-29 22:03:41,Re-ID Video,arwind,77.76,MATCH,Cosine > 0.6
2026-09-29 22:03:41,Re-ID Video,arwind,77.61,MATCH,Cosine > 0.6
2026-09-29 22:03:41,Re-ID Video,arwind,78.30,MATCH,Cosine > 0.6
2026-09-29 22:03:41,Re-ID Video,arwind,77.41,MATCH,Cosine > 0.6
2026-09-29 22:03:41,Re-ID Video,arwind,77.66,MATCH,Cosine > 0.6
2026-09-29 22:03:41,Re-ID Video,arwind,77.95,MATCH,Cosine > 0.6
2026-09-29 22:03:42,Re-ID Video,arwind,78.36,MATCH,Cosine > 0.6
2026-09-29 22:03:42,Re-ID Video,arwind,78.18,MATCH,Cosine > 0.6
2026-09-29 22:03:42,Re-ID Video,arwind,78.75,MATCH,Cosine > 0.6
2026-09-29 22:03:42,Re-ID Video,arwind,78.65,MATCH,Cosine > 0.6
2026-09-29 22:03:42,Re-ID Video,arwind,79.36,MATCH,Cosine > 0.6
2026-09-29 22:03:42,Re-ID Video,arwind,79.11,MATCH,Cosine > 0.6
2026-09-29 22:03:43,Re-ID Video,arwind,80.58,MATCH,Cosine > 0.6
2026-09-29 22:03:43,Re-ID Video,arwind,80.22,MATCH,Cosine > 0.6
2026-09-29 22:03:43,Re-ID Video,arwind,80.01,MATCH,Cosine > 0.6
2026-09-29 22:03:43,Re-ID Video,arwind,79.31,MATCH,Cosine > 0.6
2026-09-29 22:03:43,Re-ID Video,arwind,79.25,MATCH,Cosine > 0.6
2026-09-29 22:03:43,Re-ID Video,arwind,78.19,MATCH,Cosine > 0.6
2026-09-29 22:03:43,Re-ID Video,arwind,78.00,MATCH,Cosine > 0.6
2026-09-29 22:03:44,Re-ID Video,arwind,78.53,MATCH,Cosine > 0.6
2026-09-29 22:03:44,Re-ID Video,arwind,78.90,MATCH,Cosine > 0.6
2026-09-29 22:03:44,Re-ID Video,arwind,77.77,MATCH,Cosine > 0.6
2026-09-29 22:03:44,Re-ID Video,arwind,77.80,MATCH,Cosine > 0.6
2026-09-29 22:03:44,Re-ID Video,arwind,77.29,MATCH,Cosine > 0.6
2026-09-29 22:03:44,Re-ID Video,arwind,75.39,MATCH,Cosine > 0.6
2026-09-29 22:03:44,Re-ID Video,arwind,74.83,MATCH,Cosine > 0.6
2026-09-29 22:03:45,Re-ID Video,arwind,75.36,MATCH,Cosine > 0.6
2026-09-29 22:03:45,Re-ID Video,arwind,73.92,MATCH,Cosine > 0.6
2026-09-29 22:03:45,Re-ID Video,arwind,75.67,MATCH,Cosine > 0.6
2026-09-29 22:03:45,Re-ID Video,arwind,75.02,MATCH,Cosine > 0.6
2026-09-29 22:03:45,Re-ID Video,arwind,74.87,MATCH,Cosine > 0.6
2026-09-29 22:03:45,Re-ID Video,arwind,74.18,MATCH,Cosine > 0.6
2026-09-29 22:03:46,Re-ID Video,arwind,74.25,MATCH,Cosine > 0.6
2026-09-29 22:03:46,Re-ID Video,arwind,71.75,MATCH,Cosine > 0.6
2026-09-29 22:03:46,Re-ID Video,arwind,69.26,MATCH,Cosine > 0.6
2026-09-29 22:03:46,Re-ID Video,arwind,70.20,MATCH,Cosine > 0.6
2026-09-29 22:03:46,Re-ID Video,arwind,69.60,MATCH,Cosine > 0.6
2026-09-29 22:03:46,Re-ID Video,arwind,67.50,MATCH,Cosine > 0.6
2026-09-29 22:03:46,Re-ID Video,arwind,69.26,MATCH,Cosine > 0.6
2026-09-29 22:03:47,Re-ID Video,arwind,67.40,MATCH,Cosine > 0.6
2026-09-29 22:03:47,Re-ID Video,arwind,71.51,MATCH,Cosine > 0.6
2026-09-29 22:03:47,Re-ID Video,arwind,70.20,MATCH,Cosine > 0.6
2026-09-29 22:03:47,Re-ID Video,arwind,69.01,MATCH,Cosine > 0.6
2026-09-29 22:03:47,Re-ID Video,arwind,73.26,MATCH,Cosine > 0.6
2026-09-29 22:03:47,Re-ID Video,arwind,75.14,MATCH,Cosine > 0.6
2026-09-29 22:03:48,Re-ID Video,arwind,76.94,MATCH,Cosine > 0.6
2026-09-29 22:03:48,Re-ID Video,arwind,77.26,MATCH,Cosine > 0.6
2026-09-29 22:03:48,Re-ID Video,arwind,77.23,MATCH,Cosine > 0.6
2026-09-29 22:03:48,Re-ID Video,arwind,76.15,MATCH,Cosine > 0.6
2026-09-29 22:03:48,Re-ID Video,arwind,76.18,MATCH,Cosine > 0.6
2026-09-29 22:03:48,Re-ID Video,arwind,75.48,MATCH,Cosine > 0.6
2026-09-29 22:03:48,Re-ID Video,arwind,75.39,MATCH,Cosine > 0.6
2026-09-29 22:03:49,Re-ID Video,arwind,73.61,MATCH,Cosine > 0.6
2026-09-29 22:03:49,Re-ID Video,arwind,73.10,MATCH,Cosine > 0.6
2026-09-29 22:03:49,Re-ID Video,arwind,73.40,MATCH,Cosine > 0.6
2026-09-29 22:03:49,Re-ID Video,arwind,71.81,MATCH,Cosine > 0.6
2026-09-29 22:03:49,Re-ID Video,arwind,72.75,MATCH,Cosine > 0.6
2026-09-29 22:03:49,Re-ID Video,arwind,72.70,MATCH,Cosine > 0.6
2026-09-29 22:03:50,Re-ID Video,arwind,72.44,MATCH,Cosine > 0.6
2026-09-29 22:03:50,Re-ID Video,arwind,74.46,MATCH,Cosine > 0.6
2026-09-29 22:03:50,Re-ID Video,arwind,72.94,MATCH,Cosine > 0.6
2026-09-29 22:03:50,Re-ID Video,arwind,73.13,MATCH,Cosine > 0.6
2026-09-29 22:03:50,Re-ID Video,arwind,70.99,MATCH,Cosine > 0.6
2026-09-29 22:03:50,Re-ID Video,arwind,73.15,MATCH,Cosine > 0.6
2026-09-29 22:03:50,Re-ID Video,arwind,71.58,MATCH,Cosine > 0.6
2026-09-29 22:03:50,Re-ID Video,arwind,72.86,MATCH,Cosine > 0.6
2026-09-29 22:03:51,Re-ID Video,arwind,73.37,MATCH,Cosine > 0.6
2026-09-29 22:03:51,Re-ID Video,arwind,73.08,MATCH,Cosine > 0.6
2026-09-29 22:03:51,Re-ID Video,arwind,72.73,MATCH,Cosine > 0.6
2026-09-29 22:03:51,Re-ID Video,arwind,74.15,MATCH,Cosine > 0.6
2026-09-29 22:03:51,Re-ID Video,arwind,73.59,MATCH,Cosine > 0.6
2026-09-29 22:03:51,Re-ID Video,arwind,73.67,MATCH,Cosine > 0.6
2026-09-29 22:03:51,Re-ID Video,arwind,72.58,MATCH,Cosine > 0.6
2026-09-29 22:03:51,Re-ID Video,arwind,71.83,MATCH,Cosine > 0.6
2026-09-29 22:03:52,Re-ID Video,arwind,68.93,MATCH,Cosine > 0.6
2026-09-29 22:03:52,Re-ID Video,arwind,68.72,MATCH,Cosine > 0.6
2026-09-29 22:03:52,Re-ID Video,arwind,68.74,MATCH,Cosine > 0.6
2026-09-29 22:03:52,Re-ID Video,arwind,69.75,MATCH,Cosine > 0.6
2026-09-29 22:03:52,Re-ID Video,arwind,69.38,MATCH,Cosine > 0.6
2026-09-29 22:03:52,Re-ID Video,arwind,69.08,MATCH,Cosine > 0.6
2026-09-29 22:03:52,Re-ID Video,arwind,72.65,MATCH,Cosine > 0.6
2026-09-29 22:03:52,Re-ID Video,arwind,71.14,MATCH,Cosine > 0.6
2026-09-29 22:03:53,Re-ID Video,arwind,72.21,MATCH,Cosine > 0.6
2026-09-29 22:03:53,Re-ID Video,arwind,71.46,MATCH,Cosine > 0.6
2026-09-29 22:03:53,Re-ID Video,arwind,71.48,MATCH,Cosine > 0.6
2026-09-29 22:03:53,Re-ID Video,arwind,72.57,MATCH,Cosine > 0.6
2026-09-29 22:03:53,Re-ID Video,arwind,72.94,MATCH,Cosine > 0.6
2026-09-29 22:03:53,Re-ID Video,arwind,73.35,MATCH,Cosine > 0.6
2026-09-29 22:07:56,Webcam Stream,Keerthana,40.86,MATCH,Cosine > 0.4
2026-09-29 22:07:57,Webcam Stream,Keerthana,41.50,MATCH,Cosine > 0.4
2026-09-29 22:07:58,Webcam Stream,Keerthana,60.32,MATCH,Cosine > 0.4
2026-09-29 22:07:58,Webcam Stream,Keerthana,44.69,MATCH,Cosine > 0.4
2026-09-29 22:07:59,Webcam Stream,Keerthana,41.35,MATCH,Cosine > 0.4
2026-09-29 22:08:00,Webcam Stream,Keerthana,50.75,MATCH,Cosine > 0.4
2026-09-29 22:08:00,Webcam Stream,Keerthana,61.11,MATCH,Cosine > 0.4
2026-09-29 22:08:01,Webcam Stream,Keerthana,62.30,MATCH,Cosine > 0.4
2026-09-29 22:08:01,Webcam Stream,Keerthana,60.03,MATCH,Cosine > 0.4
2026-09-29 22:08:01,Webcam Stream,Keerthana,61.46,MATCH,Cosine > 0.4
2026-09-29 22:08:02,Webcam Stream,Keerthana,61.93,MATCH,Cosine > 0.4
2026-09-29 22:08:02,Webcam Stream,Keerthana,60.50,MATCH,Cosine > 0.4
2026-09-29 22:08:03,Webcam Stream,Keerthana,67.35,MATCH,Cosine > 0.4
2026-09-29 22:08:03,Webcam Stream,Keerthana,62.36,MATCH,Cosine > 0.4
2026-09-29 22:08:03,Webcam Stream,Keerthana,61.17,MATCH,Cosine > 0.4
2026-09-29 22:08:04,Webcam Stream,Keerthana,59.86,MATCH,Cosine > 0.4
2026-09-29 22:08:04,Webcam Stream,Keerthana,58.47,MATCH,Cosine > 0.4
2026-09-29 22:08:05,Webcam Stream,Keerthana,58.48,MATCH,Cosine > 0.4
2026-09-29 22:08:05,Webcam Stream,Keerthana,59.93,MATCH,Cosine > 0.4
2026-09-29 22:08:05,Webcam Stream,Keerthana,59.68,MATCH,Cosine > 0.4
2026-09-29 22:08:06,Webcam Stream,Keerthana,55.89,MATCH,Cosine > 0.4
2026-09-29 22:08:06,Webcam Stream,Keerthana,57.48,MATCH,Cosine > 0.4
2026-09-29 22:08:07,Webcam Stream,Keerthana,55.98,MATCH,Cosine > 0.4
2026-09-29 22:08:07,Webcam Stream,Keerthana,53.50,MATCH,Cosine > 0.4
2026-09-29 22:08:07,Webcam Stream,Keerthana,59.17,MATCH,Cosine > 0.4
2026-09-29 22:08:08,Webcam Stream,Keerthana,57.20,MATCH,Cosine > 0.4
2026-09-29 22:08:08,Webcam Stream,Keerthana,55.82,MATCH,Cosine > 0.4
2026-09-29 22:08:09,Webcam Stream,Keerthana,61.45,MATCH,Cosine > 0.4
2026-09-29 22:08:09,Webcam Stream,Keerthana,64.08,MATCH,Cosine > 0.4
2026-09-29 22:08:09,Webcam Stream,Keerthana,62.51,MATCH,Cosine > 0.4
2026-09-29 22:08:10,Webcam Stream,Keerthana,61.64,MATCH,Cosine > 0.4
2026-09-29 22:08:10,Webcam Stream,Keerthana,47.18,MATCH,Cosine > 0.4
2026-09-29 22:08:14,Webcam Stream,Keerthana,41.03,MATCH,Cosine > 0.4
2026-09-29 22:08:16,Webcam Stream,Keerthana,65.30,MATCH,Cosine > 0.4
2026-09-29 22:08:16,Webcam Stream,Keerthana,73.61,MATCH,Cosine > 0.4
2026-09-29 22:08:16,Webcam Stream,Keerthana,73.20,MATCH,Cosine > 0.4
2026-09-29 22:08:17,Webcam Stream,Keerthana,73.39,MATCH,Cosine > 0.4
2026-09-29 22:08:17,Webcam Stream,Keerthana,74.10,MATCH,Cosine > 0.4
2026-09-29 22:08:18,Webcam Stream,Keerthana,73.67,MATCH,Cosine > 0.4
2026-09-29 22:08:18,Webcam Stream,Keerthana,66.71,MATCH,Cosine > 0.4
2026-09-29 22:08:19,Webcam Stream,Keerthana,69.17,MATCH,Cosine > 0.4
2026-09-29 22:08:19,Webcam Stream,Keerthana,66.00,MATCH,Cosine > 0.4
2026-09-29 22:08:19,Webcam Stream,Keerthana,59.33,MATCH,Cosine > 0.4
2026-09-29 22:08:20,Webcam Stream,Keerthana,46.59,MATCH,Cosine > 0.4
2026-09-29 22:08:23,Webcam Stream,Keerthana,40.82,MATCH,Cosine > 0.4
2026-09-29 22:08:24,Webcam Stream,Keerthana,45.99,MATCH,Cosine > 0.4
2026-09-29 22:08:24,Webcam Stream,Keerthana,48.60,MATCH,Cosine > 0.4
2026-09-29 22:08:25,Webcam Stream,Keerthana,49.88,MATCH,Cosine > 0.4
2026-09-29 22:08:25,Webcam Stream,Keerthana,47.91,MATCH,Cosine > 0.4
2026-09-29 22:08:26,Webcam Stream,Keerthana,47.10,MATCH,Cosine > 0.4
2026-09-29 22:08:26,Webcam Stream,Keerthana,48.34,MATCH,Cosine > 0.4
2026-09-29 22:08:26,Webcam Stream,Keerthana,47.71,MATCH,Cosine > 0.4
2026-09-29 22:08:27,Webcam Stream,Keerthana,48.77,MATCH,Cosine > 0.4
2026-09-29 22:08:28,Webcam Stream,Keerthana,48.48,MATCH,Cosine > 0.4
2026-09-29 22:08:28,Webcam Stream,Keerthana,45.18,MATCH,Cosine > 0.4
2026-09-29 22:08:28,Webcam Stream,Keerthana,44.90,MATCH,Cosine > 0.4
2026-09-29 22:08:29,Webcam Stream,Keerthana,48.26,MATCH,Cosine > 0.4
2026-09-29 22:08:29,Webcam Stream,Keerthana,50.85,MATCH,Cosine > 0.4
2026-09-29 22:08:30,Webcam Stream,Keerthana,54.12,MATCH,Cosine > 0.4
2026-09-29 22:08:30,Webcam Stream,Keerthana,60.07,MATCH,Cosine > 0.4
2026-09-29 22:08:31,Webcam Stream,Keerthana,67.08,MATCH,Cosine > 0.4
2026-09-29 22:08:31,Webcam Stream,Keerthana,75.10,MATCH,Cosine > 0.4
2026-09-29 22:08:32,Webcam Stream,Keerthana,72.36,MATCH,Cosine > 0.4
2026-09-29 22:08:32,Webcam Stream,Keerthana,72.08,MATCH,Cosine > 0.4
2026-09-29 22:08:33,Webcam Stream,Keerthana,56.56,MATCH,Cosine > 0.4
2026-09-29 22:08:33,Webcam Stream,Keerthana,62.41,MATCH,Cosine > 0.4
2026-09-29 22:08:34,Webcam Stream,Keerthana,57.13,MATCH,Cosine > 0.4
2026-09-29 22:08:35,Webcam Stream,Keerthana,54.48,MATCH,Cosine > 0.4
2026-09-29 22:08:35,Webcam Stream,Keerthana,63.65,MATCH,Cosine > 0.4
2026-09-29 22:08:36,Webcam Stream,Keerthana,67.42,MATCH,Cosine > 0.4
2026-09-29 22:08:36,Webcam Stream,Keerthana,63.68,MATCH,Cosine > 0.4
2026-09-29 22:08:37,Webcam Stream,Keerthana,70.37,MATCH,Cosine > 0.4
2026-09-29 22:08:37,Webcam Stream,Keerthana,71.31,MATCH,Cosine > 0.4
2026-09-29 22:08:38,Webcam Stream,Keerthana,73.36,MATCH,Cosine > 0.4
2026-09-29 22:08:38,Webcam Stream,Keerthana,70.36,MATCH,Cosine > 0.4
2026-09-29 22:08:39,Webcam Stream,Keerthana,72.66,MATCH,Cosine > 0.4
2026-09-29 22:08:40,Webcam Stream,Keerthana,70.74,MATCH,Cosine > 0.4
2026-09-29 22:08:40,Webcam Stream,Keerthana,73.71,MATCH,Cosine > 0.4
2026-09-29 22:08:41,Webcam Stream,Keerthana,59.71,MATCH,Cosine > 0.4
2026-09-29 22:08:41,Webcam Stream,Keerthana,55.08,MATCH,Cosine > 0.4
2026-09-29 22:08:42,Webcam Stream,Keerthana,62.38,MATCH,Cosine > 0.4
2026-09-29 22:08:42,Webcam Stream,Keerthana,49.30,MATCH,Cosine > 0.4
2026-09-29 22:08:43,Webcam Stream,Keerthana,41.32,MATCH,Cosine > 0.4
2026-09-29 22:08:43,Webcam Stream,Keerthana,49.56,MATCH,Cosine > 0.4
2026-09-29 22:08:44,Webcam Stream,Keerthana,60.47,MATCH,Cosine > 0.4
2026-09-29 22:08:44,Webcam Stream,Keerthana,57.21,MATCH,Cosine > 0.4
2026-09-29 22:08:45,Webcam Stream,Keerthana,61.06,MATCH,Cosine > 0.4
2026-09-29 22:08:45,Webcam Stream,Keerthana,60.44,MATCH,Cosine > 0.4
2026-09-29 22:08:46,Webcam Stream,Keerthana,44.71,MATCH,Cosine > 0.4
2026-09-29 22:08:46,Webcam Stream,Keerthana,43.72,MATCH,Cosine > 0.4
2026-09-29 22:08:46,Webcam Stream,Keerthana,43.87,MATCH,Cosine > 0.4
2026-09-29 22:08:47,Webcam Stream,Keerthana,43.60,MATCH,Cosine > 0.4
2026-09-29 22:08:47,Webcam Stream,Keerthana,43.06,MATCH,Cosine > 0.4
2026-09-29 22:08:48,Webcam Stream,Keerthana,40.98,MATCH,Cosine > 0.4
2026-09-29 22:09:01,Webcam Stream,Keerthana,44.02,MATCH,Cosine > 0.4
2026-09-29 22:09:02,Webcam Stream,Keerthana,46.97,MATCH,Cosine > 0.4
2026-09-29 22:09:02,Webcam Stream,Keerthana,56.09,MATCH,Cosine > 0.4
2026-09-29 22:09:03,Webcam Stream,Keerthana,58.36,MATCH,Cosine > 0.4
2026-09-29 22:09:03,Webcam Stream,Keerthana,60.92,MATCH,Cosine > 0.4
2026-09-29 22:09:04,Webcam Stream,Keerthana,60.12,MATCH,Cosine > 0.4
2026-09-29 22:09:05,Webcam Stream,Keerthana,63.92,MATCH,Cosine > 0.4
2026-09-29 22:09:06,Webcam Stream,Keerthana,63.64,MATCH,Cosine > 0.4
2026-09-29 22:09:06,Webcam Stream,Keerthana,44.18,MATCH,Cosine > 0.4
2026-09-29 22:09:07,Webcam Stream,Keerthana,46.80,MATCH,Cosine > 0.4
2026-09-29 22:09:08,Webcam Stream,Keerthana,41.45,MATCH,Cosine > 0.4
2026-09-29 22:09:09,Webcam Stream,Keerthana,45.35,MATCH,Cosine > 0.4
2026-09-29 22:09:10,Webcam Stream,Keerthana,40.18,MATCH,Cosine > 0.4
2026-09-29 22:09:13,Webcam Stream,Keerthana,41.42,MATCH,Cosine > 0.4
2026-09-29 22:09:15,Webcam Stream,Keerthana,46.52,MATCH,Cosine > 0.4
2026-09-29 22:09:16,Webcam Stream,Keerthana,45.75,MATCH,Cosine > 0.4
2026-09-29 22:09:17,Webcam Stream,Keerthana,41.34,MATCH,Cosine > 0.4
2026-09-29 22:09:41,Webcam Stream,Keerthana,45.50,MATCH,Cosine > 0.4
2026-09-29 22:09:42,Webcam Stream,Keerthana,51.89,MATCH,Cosine > 0.4
2026-09-29 22:09:43,Webcam Stream,Keerthana,56.65,MATCH,Cosine > 0.4
2026-09-29 22:09:45,Webcam Stream,Keerthana,58.29,MATCH,Cosine > 0.4
2026-09-29 22:09:46,Webcam Stream,Keerthana,54.02,MATCH,Cosine > 0.4
2026-09-29 22:09:47,Webcam Stream,Keerthana,43.02,MATCH,Cosine > 0.4
2026-09-29 22:09:48,Webcam Stream,Keerthana,42.98,MATCH,Cosine > 0.4
2026-09-29 22:09:49,Webcam Stream,Keerthana,42.00,MATCH,Cosine > 0.4
2026-09-29 22:09:50,Webcam Stream,Keerthana,40.10,MATCH,Cosine > 0.4
2026-09-29 22:09:50,Webcam Stream,Keerthana,40.89,MATCH,Cosine > 0.4
2026-09-29 22:09:51,Webcam Stream,Keerthana,41.75,MATCH,Cosine > 0.4
2026-09-29 22:09:52,Webcam Stream,Keerthana,40.76,MATCH,Cosine > 0.4
2026-09-29 22:11:44,Webcam Stream,Keerthana,48.02,MATCH,Cosine > 0.4
2026-09-29 22:11:44,Webcam Stream,Keerthana,50.40,MATCH,Cosine > 0.4
2026-09-29 22:11:45,Webcam Stream,Keerthana,61.27,MATCH,Cosine > 0.4
2026-09-29 22:11:45,Webcam Stream,Keerthana,61.28,MATCH,Cosine > 0.4
2026-09-29 22:11:46,Webcam Stream,Keerthana,63.34,MATCH,Cosine > 0.4
2026-09-29 22:11:46,Webcam Stream,Keerthana,63.93,MATCH,Cosine > 0.4
2026-09-29 22:11:47,Webcam Stream,Keerthana,63.52,MATCH,Cosine > 0.4
2026-09-29 22:11:47,Webcam Stream,Keerthana,63.85,MATCH,Cosine > 0.4
2026-09-29 22:11:48,Webcam Stream,Keerthana,64.44,MATCH,Cosine > 0.4
2026-09-29 22:11:48,Webcam Stream,Keerthana,59.77,MATCH,Cosine > 0.4
2026-09-29 22:11:48,Webcam Stream,Keerthana,60.80,MATCH,Cosine > 0.4
2026-09-29 22:11:49,Webcam Stream,Keerthana,60.42,MATCH,Cosine > 0.4
2026-09-29 22:11:49,Webcam Stream,Keerthana,61.67,MATCH,Cosine > 0.4
2026-09-29 22:11:50,Webcam Stream,Keerthana,61.95,MATCH,Cosine > 0.4
2026-09-29 22:11:50,Webcam Stream,Keerthana,59.49,MATCH,Cosine > 0.4
2026-09-29 22:11:51,Webcam Stream,Keerthana,60.49,MATCH,Cosine > 0.4
2026-09-29 22:11:51,Webcam Stream,Keerthana,60.35,MATCH,Cosine > 0.4
2026-09-29 22:11:52,Webcam Stream,Keerthana,51.56,MATCH,Cosine > 0.4
2026-09-29 22:11:52,Webcam Stream,Keerthana,52.11,MATCH,Cosine > 0.4
2026-09-29 22:11:52,Webcam Stream,Keerthana,61.29,MATCH,Cosine > 0.4
2026-09-29 22:11:53,Webcam Stream,Keerthana,62.59,MATCH,Cosine > 0.4
2026-09-29 22:11:53,Webcam Stream,Keerthana,64.46,MATCH,Cosine > 0.4
2026-09-29 22:11:54,Webcam Stream,Keerthana,63.86,MATCH,Cosine > 0.4
2026-09-29 22:11:54,Webcam Stream,Keerthana,65.76,MATCH,Cosine > 0.4
2026-09-29 22:11:55,Webcam Stream,Keerthana,67.44,MATCH,Cosine > 0.4
2026-09-29 22:11:55,Webcam Stream,Keerthana,64.06,MATCH,Cosine > 0.4
2026-09-29 22:11:55,Webcam Stream,Keerthana,58.19,MATCH,Cosine > 0.4
2026-09-29 22:11:56,Webcam Stream,Keerthana,61.62,MATCH,Cosine > 0.4
2026-09-29 22:11:56,Webcam Stream,Keerthana,54.07,MATCH,Cosine > 0.4
2026-09-29 22:11:57,Webcam Stream,Keerthana,40.71,MATCH,Cosine > 0.4
2026-09-29 22:11:58,Webcam Stream,Keerthana,51.52,MATCH,Cosine > 0.4
2026-09-29 22:11:58,Webcam Stream,Keerthana,54.49,MATCH,Cosine > 0.4
2026-09-29 22:11:59,Webcam Stream,Keerthana,43.55,MATCH,Cosine > 0.4
2026-09-29 22:11:59,Webcam Stream,Keerthana,46.35,MATCH,Cosine > 0.4
2026-09-29 22:11:59,Webcam Stream,Keerthana,41.99,MATCH,Cosine > 0.4
2026-09-29 22:12:00,Webcam Stream,Keerthana,45.39,MATCH,Cosine > 0.4
2026-09-29 22:12:01,Webcam Stream,Keerthana,46.88,MATCH,Cosine > 0.4
2026-09-29 22:12:02,Webcam Stream,Keerthana,43.34,MATCH,Cosine > 0.4
2026-09-29 22:12:03,Webcam Stream,Keerthana,51.67,MATCH,Cosine > 0.4
2026-09-29 22:12:03,Webcam Stream,Keerthana,63.09,MATCH,Cosine > 0.4
2026-09-29 22:12:04,Webcam Stream,Keerthana,61.67,MATCH,Cosine > 0.4
2026-09-29 22:12:04,Webcam Stream,Keerthana,62.04,MATCH,Cosine > 0.4
2026-09-29 22:12:05,Webcam Stream,Keerthana,64.83,MATCH,Cosine > 0.4
2026-09-29 22:12:05,Webcam Stream,Keerthana,65.73,MATCH,Cosine > 0.4
2026-09-29 22:12:05,Webcam Stream,Keerthana,62.50,MATCH,Cosine > 0.4
2026-09-29 22:12:06,Webcam Stream,Keerthana,63.65,MATCH,Cosine > 0.4
2026-09-29 22:12:06,Webcam Stream,Keerthana,58.12,MATCH,Cosine > 0.4
2026-09-29 22:12:07,Webcam Stream,Keerthana,49.80,MATCH,Cosine > 0.4
2026-09-29 22:12:07,Webcam Stream,Keerthana,53.42,MATCH,Cosine > 0.4
2026-09-29 22:12:08,Webcam Stream,Keerthana,43.34,MATCH,Cosine > 0.4
2026-09-29 22:12:08,Webcam Stream,Keerthana,48.67,MATCH,Cosine > 0.4
2026-09-29 22:12:09,Webcam Stream,Keerthana,44.41,MATCH,Cosine > 0.4
2026-09-29 22:12:09,Webcam Stream,Keerthana,47.84,MATCH,Cosine > 0.4
2026-09-29 22:12:09,Webcam Stream,Keerthana,44.72,MATCH,Cosine > 0.4
2026-09-29 22:12:10,Webcam Stream,Keerthana,44.98,MATCH,Cosine > 0.4
2026-09-29 22:12:10,Webcam Stream,Keerthana,45.33,MATCH,Cosine > 0.4
2026-09-29 22:12:11,Webcam Stream,Keerthana,59.78,MATCH,Cosine > 0.4
2026-09-29 22:12:11,Webcam Stream,Keerthana,45.72,MATCH,Cosine > 0.4
2026-09-29 22:12:12,Webcam Stream,Keerthana,40.67,MATCH,Cosine > 0.4
2026-09-29 22:12:12,Webcam Stream,Keerthana,44.39,MATCH,Cosine > 0.4
2026-09-29 22:12:13,Webcam Stream,Keerthana,43.64,MATCH,Cosine > 0.4
2026-09-29 22:12:13,Webcam Stream,Keerthana,44.18,MATCH,Cosine > 0.4
2026-09-29 22:12:13,Webcam Stream,Keerthana,42.43,MATCH,Cosine > 0.4
2026-09-29 22:12:14,Webcam Stream,Keerthana,43.55,MATCH,Cosine > 0.4
2026-09-29 22:12:14,Webcam Stream,Keerthana,46.54,MATCH,Cosine > 0.4
2026-09-29 22:12:15,Webcam Stream,Keerthana,47.64,MATCH,Cosine > 0.4
2026-09-29 22:12:16,Webcam Stream,Keerthana,49.07,MATCH,Cosine > 0.4
2026-09-29 22:12:17,Webcam Stream,Keerthana,49.69,MATCH,Cosine > 0.4
2026-09-29 22:12:17,Webcam Stream,Keerthana,59.96,MATCH,Cosine > 0.4
2026-09-29 22:12:18,Webcam Stream,Keerthana,62.60,MATCH,Cosine > 0.4
2026-09-29 22:12:18,Webcam Stream,Keerthana,59.38,MATCH,Cosine > 0.4
2026-09-29 22:12:18,Webcam Stream,Keerthana,56.35,MATCH,Cosine > 0.4
2026-09-29 22:12:19,Webcam Stream,Keerthana,42.50,MATCH,Cosine > 0.4
2026-09-29 22:12:19,Webcam Stream,Keerthana,63.79,MATCH,Cosine > 0.4
2026-09-29 22:12:20,Webcam Stream,Keerthana,68.49,MATCH,Cosine > 0.4
2026-09-29 22:12:20,Webcam Stream,Keerthana,67.43,MATCH,Cosine > 0.4
2026-09-29 22:12:21,Webcam Stream,Keerthana,64.79,MATCH,Cosine > 0.4
2026-09-29 22:12:21,Webcam Stream,Keerthana,62.53,MATCH,Cosine > 0.4
2026-09-29 22:12:22,Webcam Stream,Keerthana,65.62,MATCH,Cosine > 0.4
2026-09-29 22:12:22,Webcam Stream,Keerthana,70.62,MATCH,Cosine > 0.4
2026-09-29 22:12:23,Webcam Stream,Keerthana,50.47,MATCH,Cosine > 0.4
2026-09-29 22:12:23,Webcam Stream,Keerthana,54.21,MATCH,Cosine > 0.4
2026-09-29 22:12:24,Webcam Stream,Keerthana,67.56,MATCH,Cosine > 0.4
2026-09-29 22:12:24,Webcam Stream,Keerthana,68.07,MATCH,Cosine > 0.4
2026-09-29 22:12:25,Webcam Stream,Keerthana,68.23,MATCH,Cosine > 0.4
2026-09-29 22:12:25,Webcam Stream,Keerthana,66.57,MATCH,Cosine > 0.4
2026-09-29 22:12:26,Webcam Stream,Keerthana,66.71,MATCH,Cosine > 0.4
2026-09-29 22:12:26,Webcam Stream,Keerthana,60.27,MATCH,Cosine > 0.4
2026-09-29 22:12:27,Webcam Stream,Keerthana,54.51,MATCH,Cosine > 0.4
2026-09-29 22:12:27,Webcam Stream,Keerthana,49.36,MATCH,Cosine > 0.4
2026-09-29 22:12:28,Webcam Stream,Keerthana,46.87,MATCH,Cosine > 0.4
2026-09-29 22:12:28,Webcam Stream,Keerthana,43.64,MATCH,Cosine > 0.4
2026-09-29 22:12:28,Webcam Stream,Keerthana,41.30,MATCH,Cosine > 0.4
2026-09-29 22:12:29,Webcam Stream,Keerthana,47.26,MATCH,Cosine > 0.4
2026-09-29 22:12:29,Webcam Stream,Keerthana,46.89,MATCH,Cosine > 0.4
2026-09-29 22:12:30,Webcam Stream,Keerthana,43.73,MATCH,Cosine > 0.4
2026-09-29 22:12:30,Webcam Stream,Keerthana,49.92,MATCH,Cosine > 0.4
2026-09-29 22:12:31,Webcam Stream,Keerthana,44.21,MATCH,Cosine > 0.4
2026-09-29 22:12:32,Webcam Stream,Keerthana,48.34,MATCH,Cosine > 0.4
2026-09-29 22:12:33,Webcam Stream,Keerthana,54.87,MATCH,Cosine > 0.4
2026-09-29 22:12:33,Webcam Stream,Keerthana,56.38,MATCH,Cosine > 0.4
2026-09-29 22:12:34,Webcam Stream,Keerthana,56.58,MATCH,Cosine > 0.4
2026-09-29 22:12:35,Webcam Stream,Keerthana,65.89,MATCH,Cosine > 0.4
2026-09-29 22:12:35,Webcam Stream,Keerthana,62.08,MATCH,Cosine > 0.4
2026-09-29 22:12:36,Webcam Stream,Keerthana,67.17,MATCH,Cosine > 0.4
2026-09-29 22:12:36,Webcam Stream,Keerthana,49.89,MATCH,Cosine > 0.4
2026-09-29 22:12:37,Webcam Stream,Keerthana,47.36,MATCH,Cosine > 0.4
2026-09-29 22:12:37,Webcam Stream,Keerthana,46.04,MATCH,Cosine > 0.4
2026-09-29 22:12:38,Webcam Stream,Keerthana,44.19,MATCH,Cosine > 0.4
2026-09-29 22:12:38,Webcam Stream,Keerthana,42.06,MATCH,Cosine > 0.4
2026-09-29 22:12:40,Webcam Stream,Keerthana,41.71,MATCH,Cosine > 0.4
2026-09-29 22:12:40,Webcam Stream,Keerthana,43.34,MATCH,Cosine > 0.4
2026-09-29 22:12:45,Webcam Stream,Keerthana,40.39,MATCH,Cosine > 0.4
2026-09-29 22:12:45,Webcam Stream,Keerthana,42.92,MATCH,Cosine > 0.4
2026-09-29 22:12:45,Webcam Stream,Keerthana,43.45,MATCH,Cosine > 0.4
2026-09-29 22:13:02,Webcam Stream,Keerthana,40.90,MATCH,Cosine > 0.4
2026-09-29 22:13:02,Webcam Stream,Keerthana,56.01,MATCH,Cosine > 0.4
2026-09-29 22:13:03,Webcam Stream,Keerthana,59.07,MATCH,Cosine > 0.4
2026-09-29 22:13:03,Webcam Stream,Keerthana,64.61,MATCH,Cosine > 0.4
2026-09-29 22:13:04,Webcam Stream,Keerthana,63.63,MATCH,Cosine > 0.4
2026-09-29 22:13:04,Webcam Stream,Keerthana,64.73,MATCH,Cosine > 0.4
2026-09-29 22:13:05,Webcam Stream,Keerthana,67.30,MATCH,Cosine > 0.4
2026-09-29 22:13:05,Webcam Stream,Keerthana,65.59,MATCH,Cosine > 0.4
2026-09-29 22:13:05,Webcam Stream,Keerthana,66.90,MATCH,Cosine > 0.4
2026-09-29 22:13:06,Webcam Stream,Keerthana,68.48,MATCH,Cosine > 0.4
2026-09-29 22:13:06,Webcam Stream,Keerthana,68.02,MATCH,Cosine > 0.4
2026-09-29 22:13:07,Webcam Stream,Keerthana,65.25,MATCH,Cosine > 0.4
2026-09-29 22:13:07,Webcam Stream,Keerthana,65.86,MATCH,Cosine > 0.4
2026-09-29 22:13:08,Webcam Stream,Keerthana,67.53,MATCH,Cosine > 0.4
2026-09-29 22:13:08,Webcam Stream,Keerthana,65.35,MATCH,Cosine > 0.4
2026-09-29 22:13:08,Webcam Stream,Keerthana,67.49,MATCH,Cosine > 0.4
2026-09-29 22:13:09,Webcam Stream,Keerthana,64.16,MATCH,Cosine > 0.4
2026-09-29 22:13:09,Webcam Stream,Keerthana,61.93,MATCH,Cosine > 0.4
2026-09-29 22:13:10,Webcam Stream,Keerthana,60.89,MATCH,Cosine > 0.4
2026-09-29 22:13:10,Webcam Stream,Keerthana,58.56,MATCH,Cosine > 0.4
2026-09-29 22:13:11,Webcam Stream,Keerthana,63.35,MATCH,Cosine > 0.4
2026-09-29 22:13:11,Webcam Stream,Keerthana,65.26,MATCH,Cosine > 0.4
2026-09-29 22:13:12,Webcam Stream,Keerthana,63.03,MATCH,Cosine > 0.4
2026-09-29 22:13:12,Webcam Stream,Keerthana,60.84,MATCH,Cosine > 0.4
2026-09-29 22:13:13,Webcam Stream,Keerthana,61.90,MATCH,Cosine > 0.4
2026-09-29 22:13:13,Webcam Stream,Keerthana,55.89,MATCH,Cosine > 0.4
2026-09-29 22:13:13,Webcam Stream,Keerthana,50.98,MATCH,Cosine > 0.4
2026-09-29 22:13:14,Webcam Stream,Keerthana,45.49,MATCH,Cosine > 0.4
2026-09-29 22:13:14,Webcam Stream,Keerthana,43.38,MATCH,Cosine > 0.4
2026-09-29 22:13:40,Webcam Stream,Keerthana,41.95,MATCH,Cosine > 0.4
2026-09-29 22:13:41,Webcam Stream,Keerthana,41.23,MATCH,Cosine > 0.4
2026-09-29 22:13:41,Webcam Stream,Keerthana,42.89,MATCH,Cosine > 0.4
2026-09-29 22:13:43,Webcam Stream,Keerthana,44.34,MATCH,Cosine > 0.4
2026-09-29 22:13:43,Webcam Stream,Keerthana,42.93,MATCH,Cosine > 0.4
2026-09-29 22:13:44,Webcam Stream,Keerthana,40.75,MATCH,Cosine > 0.4
2026-09-29 22:13:44,Webcam Stream,Keerthana,44.88,MATCH,Cosine > 0.4
2026-09-29 22:14:49,Webcam Stream,Keerthana,48.23,MATCH,Cosine > 0.4
2026-09-29 22:14:49,Webcam Stream,Keerthana,46.08,MATCH,Cosine > 0.4
2026-09-29 22:14:50,Webcam Stream,Keerthana,47.12,MATCH,Cosine > 0.4
2026-09-29 22:14:50,Webcam Stream,Keerthana,45.42,MATCH,Cosine > 0.4
2026-09-29 22:14:51,Webcam Stream,Keerthana,42.18,MATCH,Cosine > 0.4
2026-09-29 22:14:51,Webcam Stream,Keerthana,45.65,MATCH,Cosine > 0.4
2026-09-29 22:14:51,Webcam Stream,Keerthana,49.19,MATCH,Cosine > 0.4
2026-09-29 22:14:52,Webcam Stream,Keerthana,48.84,MATCH,Cosine > 0.4
2026-09-29 22:14:52,Webcam Stream,Keerthana,46.65,MATCH,Cosine > 0.4
2026-09-29 22:14:53,Webcam Stream,Keerthana,49.90,MATCH,Cosine > 0.4
2026-09-29 22:14:53,Webcam Stream,Keerthana,47.97,MATCH,Cosine > 0.4
2026-09-29 22:14:53,Webcam Stream,Keerthana,40.64,MATCH,Cosine > 0.4
2026-09-29 22:14:54,Webcam Stream,Keerthana,44.21,MATCH,Cosine > 0.4
2026-09-29 22:14:54,Webcam Stream,Keerthana,51.17,MATCH,Cosine > 0.4
2026-09-29 22:14:55,Webcam Stream,Keerthana,48.86,MATCH,Cosine > 0.4
2026-09-29 22:14:55,Webcam Stream,Keerthana,45.45,MATCH,Cosine > 0.4
2026-09-29 22:14:56,Webcam Stream,Keerthana,47.63,MATCH,Cosine > 0.4
2026-09-29 22:14:56,Webcam Stream,Keerthana,46.09,MATCH,Cosine > 0.4
2026-09-29 22:14:56,Webcam Stream,Keerthana,43.79,MATCH,Cosine > 0.4
2026-09-29 22:20:34,Webcam Stream,Keerthana,56.09,MATCH,Cosine > 0.4
2026-09-29 22:20:40,Webcam Stream,Keerthana,61.18,MATCH,Cosine > 0.4
2026-09-29 22:20:41,Webcam Stream,Keerthana,61.91,MATCH,Cosine > 0.4
2026-09-29 22:20:41,Webcam Stream,Keerthana,65.52,MATCH,Cosine > 0.4
2026-09-29 22:20:42,Webcam Stream,Keerthana,67.83,MATCH,Cosine > 0.4
2026-09-29 22:20:43,Webcam Stream,Keerthana,66.88,MATCH,Cosine > 0.4
2026-09-29 22:20:43,Webcam Stream,Keerthana,68.75,MATCH,Cosine > 0.4
2026-09-29 22:20:44,Webcam Stream,Keerthana,58.52,MATCH,Cosine > 0.4
2026-09-29 22:20:47,Webcam Stream,Keerthana,67.77,MATCH,Cosine > 0.4
2026-09-29 22:20:48,Webcam Stream,Keerthana,64.34,MATCH,Cosine > 0.4
2026-09-29 22:20:48,Webcam Stream,Keerthana,68.50,MATCH,Cosine > 0.4
2026-09-29 22:20:49,Webcam Stream,Keerthana,66.78,MATCH,Cosine > 0.4
2026-09-29 22:20:49,Webcam Stream,Keerthana,68.61,MATCH,Cosine > 0.4
2026-09-29 22:20:50,Webcam Stream,Keerthana,67.76,MATCH,Cosine > 0.4
2026-09-29 22:20:51,Webcam Stream,Keerthana,69.45,MATCH,Cosine > 0.4
2026-09-29 22:20:51,Webcam Stream,Keerthana,68.78,MATCH,Cosine > 0.4
2026-09-29 22:20:52,Webcam Stream,Keerthana,69.37,MATCH,Cosine > 0.4
2026-09-29 22:20:53,Webcam Stream,Keerthana,71.02,MATCH,Cosine > 0.4
2026-09-29 22:20:53,Webcam Stream,Keerthana,69.30,MATCH,Cosine > 0.4
2026-09-29 22:20:53,Webcam Stream,Keerthana,67.82,MATCH,Cosine > 0.4
2026-09-29 22:20:54,Webcam Stream,Keerthana,62.80,MATCH,Cosine > 0.4
2026-09-29 22:20:56,Webcam Stream,Keerthana,59.62,MATCH,Cosine > 0.4
2026-09-29 22:20:57,Webcam Stream,Keerthana,59.49,MATCH,Cosine > 0.4
2026-09-29 22:20:58,Webcam Stream,Keerthana,58.83,MATCH,Cosine > 0.4
2026-09-29 22:20:58,Webcam Stream,Keerthana,61.75,MATCH,Cosine > 0.4
2026-09-29 22:20:59,Webcam Stream,Keerthana,40.81,MATCH,Cosine > 0.4
2026-09-29 22:21:04,Webcam Stream,Keerthana,69.69,MATCH,Cosine > 0.4
2026-09-29 22:21:04,Webcam Stream,Keerthana,71.92,MATCH,Cosine > 0.4
2026-09-29 22:21:07,Webcam Stream,Keerthana,65.62,MATCH,Cosine > 0.4
2026-09-29 22:21:08,Webcam Stream,Keerthana,68.48,MATCH,Cosine > 0.4
2026-09-29 22:21:09,Webcam Stream,Keerthana,57.67,MATCH,Cosine > 0.4
2026-09-29 22:21:10,Webcam Stream,Keerthana,58.19,MATCH,Cosine > 0.4
2026-09-29 22:21:10,Webcam Stream,Keerthana,65.39,MATCH,Cosine > 0.4
2026-09-29 22:21:11,Webcam Stream,Keerthana,68.06,MATCH,Cosine > 0.4
2026-09-29 22:21:12,Webcam Stream,Keerthana,70.48,MATCH,Cosine > 0.4
2026-09-29 22:21:12,Webcam Stream,Keerthana,61.16,MATCH,Cosine > 0.4
2026-09-29 22:21:13,Webcam Stream,Keerthana,65.45,MATCH,Cosine > 0.4
2026-09-29 22:21:14,Webcam Stream,Keerthana,69.13,MATCH,Cosine > 0.4
2026-09-29 22:21:15,Webcam Stream,Keerthana,70.60,MATCH,Cosine > 0.4
2026-09-29 22:21:18,Webcam Stream,Keerthana,63.01,MATCH,Cosine > 0.4
2026-09-29 22:21:18,Webcam Stream,Keerthana,65.23,MATCH,Cosine > 0.4
2026-09-29 22:21:19,Webcam Stream,Keerthana,72.46,MATCH,Cosine > 0.4
2026-09-29 22:21:20,Webcam Stream,Keerthana,67.35,MATCH,Cosine > 0.4
2026-09-29 22:21:20,Webcam Stream,Keerthana,73.06,MATCH,Cosine > 0.4
2026-09-29 22:21:21,Webcam Stream,Keerthana,74.91,MATCH,Cosine > 0.4
2026-09-29 22:21:22,Webcam Stream,Keerthana,74.38,MATCH,Cosine > 0.4
2026-09-29 22:21:23,Webcam Stream,Keerthana,76.05,MATCH,Cosine > 0.4
2026-09-29 22:21:23,Webcam Stream,Keerthana,76.18,MATCH,Cosine > 0.4
2026-09-29 22:21:24,Webcam Stream,Keerthana,75.89,MATCH,Cosine > 0.4
2026-09-29 22:21:25,Webcam Stream,Keerthana,72.72,MATCH,Cosine > 0.4
2026-09-29 22:21:28,Webcam Stream,Keerthana,76.35,MATCH,Cosine > 0.4
2026-09-29 22:21:28,Webcam Stream,Keerthana,75.09,MATCH,Cosine > 0.4
2026-09-29 22:21:29,Webcam Stream,Keerthana,74.29,MATCH,Cosine > 0.4
2026-09-29 22:21:30,Webcam Stream,Keerthana,75.80,MATCH,Cosine > 0.4
2026-09-29 22:21:30,Webcam Stream,Keerthana,76.06,MATCH,Cosine > 0.4
2026-09-29 22:21:31,Webcam Stream,Keerthana,71.97,MATCH,Cosine > 0.4
2026-09-29 22:21:32,Webcam Stream,Keerthana,69.03,MATCH,Cosine > 0.4
2026-09-29 22:21:32,Webcam Stream,Keerthana,63.35,MATCH,Cosine > 0.4
2026-09-29 22:21:33,Webcam Stream,Keerthana,65.24,MATCH,Cosine > 0.4
2026-09-29 22:21:34,Webcam Stream,Keerthana,73.36,MATCH,Cosine > 0.4
2026-09-29 22:21:35,Webcam Stream,Keerthana,69.08,MATCH,Cosine > 0.4
2026-09-29 22:21:35,Webcam Stream,Keerthana,66.15,MATCH,Cosine > 0.4
2026-09-29 22:21:42,Webcam Stream,Keerthana,65.02,MATCH,Cosine > 0.4
2026-09-29 22:21:43,Webcam Stream,Keerthana,71.46,MATCH,Cosine > 0.4
2026-09-29 22:21:45,Webcam Stream,Keerthana,70.68,MATCH,Cosine > 0.4
2026-09-29 22:21:46,Webcam Stream,Keerthana,70.28,MATCH,Cosine > 0.4
2026-09-29 22:21:55,Webcam Stream,Keerthana,67.72,MATCH,Cosine > 0.4
2026-09-29 22:21:56,Webcam Stream,Keerthana,69.87,MATCH,Cosine > 0.4
2026-09-29 22:21:58,Webcam Stream,Keerthana,68.32,MATCH,Cosine > 0.4
2026-09-29 22:22:06,Webcam Stream,Keerthana,66.00,MATCH,Cosine > 0.4
2026-09-29 22:22:07,Webcam Stream,Keerthana,67.54,MATCH,Cosine > 0.4
2026-09-29 22:22:08,Webcam Stream,Keerthana,68.26,MATCH,Cosine > 0.4
2026-09-29 22:22:11,Webcam Stream,Keerthana,64.39,MATCH,Cosine > 0.4
2026-09-29 22:22:13,Webcam Stream,Keerthana,65.59,MATCH,Cosine > 0.4
2026-09-29 22:22:14,Webcam Stream,Keerthana,70.43,MATCH,Cosine > 0.4
2026-09-29 22:22:15,Webcam Stream,Keerthana,66.82,MATCH,Cosine > 0.4
2026-09-29 22:22:16,Webcam Stream,Keerthana,70.13,MATCH,Cosine > 0.4
2026-09-29 22:22:18,Webcam Stream,Keerthana,68.19,MATCH,Cosine > 0.4
2026-09-29 22:22:19,Webcam Stream,Keerthana,66.60,MATCH,Cosine > 0.4
2026-09-29 22:22:22,Webcam Stream,Keerthana,56.11,MATCH,Cosine > 0.4
2026-09-29 22:22:23,Webcam Stream,Keerthana,60.71,MATCH,Cosine > 0.4
2026-09-29 22:22:25,Webcam Stream,Keerthana,62.25,MATCH,Cosine > 0.4
2026-09-29 22:22:26,Webcam Stream,Keerthana,69.84,MATCH,Cosine > 0.4
2026-09-29 22:22:27,Webcam Stream,Keerthana,63.59,MATCH,Cosine > 0.4
2026-09-29 22:22:29,Webcam Stream,Keerthana,65.44,MATCH,Cosine > 0.4
2026-09-29 22:22:30,Webcam Stream,Keerthana,65.48,MATCH,Cosine > 0.4
2026-09-29 22:22:34,Webcam Stream,Keerthana,67.62,MATCH,Cosine > 0.4
2026-09-29 22:22:35,Webcam Stream,Keerthana,67.13,MATCH,Cosine > 0.4
2026-09-29 22:22:36,Webcam Stream,Keerthana,49.62,MATCH,Cosine > 0.4
2026-09-29 22:22:38,Webcam Stream,Keerthana,66.39,MATCH,Cosine > 0.4
2026-09-29 22:22:39,Webcam Stream,Keerthana,57.67,MATCH,Cosine > 0.4
2026-09-29 22:22:41,Webcam Stream,Keerthana,57.45,MATCH,Cosine > 0.4
2026-09-29 22:22:47,Webcam Stream,Keerthana,62.08,MATCH,Cosine > 0.4
2026-09-29 22:22:48,Webcam Stream,Keerthana,58.42,MATCH,Cosine > 0.4
2026-09-29 22:22:50,Webcam Stream,Keerthana,56.25,MATCH,Cosine > 0.4
2026-09-29 22:22:51,Webcam Stream,Keerthana,71.55,MATCH,Cosine > 0.4
2026-09-29 22:22:55,Webcam Stream,Keerthana,66.02,MATCH,Cosine > 0.4
2026-09-29 22:22:56,Webcam Stream,Keerthana,73.43,MATCH,Cosine > 0.4
2026-09-29 22:22:58,Webcam Stream,Keerthana,71.41,MATCH,Cosine > 0.4
2026-09-29 22:22:59,Webcam Stream,Keerthana,73.36,MATCH,Cosine > 0.4
2026-09-29 22:23:00,Webcam Stream,Keerthana,71.93,MATCH,Cosine > 0.4
2026-09-29 22:23:02,Webcam Stream,Keerthana,65.28,MATCH,Cosine > 0.4
2026-09-29 22:23:05,Webcam Stream,Keerthana,70.90,MATCH,Cosine > 0.4
2026-09-29 22:23:07,Webcam Stream,Keerthana,66.35,MATCH,Cosine > 0.4
2026-09-29 22:23:08,Webcam Stream,Keerthana,68.40,MATCH,Cosine > 0.4
2026-09-29 22:23:10,Webcam Stream,Keerthana,65.82,MATCH,Cosine > 0.4
2026-09-29 22:23:11,Webcam Stream,Keerthana,67.21,MATCH,Cosine > 0.4
2026-09-29 22:23:12,Webcam Stream,Keerthana,53.82,MATCH,Cosine > 0.4
2026-09-29 22:23:15,Webcam Stream,Keerthana,52.03,MATCH,Cosine > 0.4
2026-09-29 22:23:17,Webcam Stream,Keerthana,64.73,MATCH,Cosine > 0.4
2026-09-29 22:23:18,Webcam Stream,Keerthana,64.70,MATCH,Cosine > 0.4
2026-09-29 22:23:20,Webcam Stream,Keerthana,67.24,MATCH,Cosine > 0.4
2026-09-29 22:23:21,Webcam Stream,Keerthana,70.62,MATCH,Cosine > 0.4
2026-09-29 22:23:22,Webcam Stream,Keerthana,68.14,MATCH,Cosine > 0.4
2026-09-29 22:23:26,Webcam Stream,Keerthana,57.51,MATCH,Cosine > 0.4
2026-09-29 22:23:27,Webcam Stream,Keerthana,63.89,MATCH,Cosine > 0.4
2026-09-29 22:23:29,Webcam Stream,Keerthana,66.38,MATCH,Cosine > 0.4
2026-09-29 22:23:30,Webcam Stream,Keerthana,67.62,MATCH,Cosine > 0.4
2026-09-29 22:23:32,Webcam Stream,Keerthana,70.52,MATCH,Cosine > 0.4
2026-09-29 22:23:34,Webcam Stream,Keerthana,70.19,MATCH,Cosine > 0.4
2026-09-29 22:23:37,Webcam Stream,Keerthana,57.44,MATCH,Cosine > 0.4
2026-09-29 22:23:38,Webcam Stream,Keerthana,61.32,MATCH,Cosine > 0.4
2026-09-29 22:23:40,Webcam Stream,Keerthana,63.53,MATCH,Cosine > 0.4
2026-09-29 22:23:41,Webcam Stream,Keerthana,65.09,MATCH,Cosine > 0.4
2026-09-29 22:23:43,Webcam Stream,Keerthana,64.93,MATCH,Cosine > 0.4
2026-09-29 22:23:44,Webcam Stream,Keerthana,61.26,MATCH,Cosine > 0.4
2026-09-29 22:23:49,Webcam Stream,Keerthana,62.34,MATCH,Cosine > 0.4
2026-09-29 22:23:52,Webcam Stream,Keerthana,69.50,MATCH,Cosine > 0.4
2026-09-29 22:23:53,Webcam Stream,Keerthana,67.97,MATCH,Cosine > 0.4
2026-09-29 22:23:55,Webcam Stream,Keerthana,70.50,MATCH,Cosine > 0.4
2026-09-29 22:23:59,Webcam Stream,Keerthana,70.08,MATCH,Cosine > 0.4
2026-09-29 22:24:00,Webcam Stream,Keerthana,71.11,MATCH,Cosine > 0.4
2026-09-29 22:24:02,Webcam Stream,Keerthana,71.15,MATCH,Cosine > 0.4
2026-09-29 22:24:04,Webcam Stream,Keerthana,70.40,MATCH,Cosine > 0.4
2026-09-29 22:24:06,Webcam Stream,Keerthana,71.00,MATCH,Cosine > 0.4
2026-09-29 22:24:09,Webcam Stream,Keerthana,59.53,MATCH,Cosine > 0.4
2026-09-29 22:24:11,Webcam Stream,Keerthana,64.99,MATCH,Cosine > 0.4
2026-09-29 22:24:12,Webcam Stream,Keerthana,61.92,MATCH,Cosine > 0.4
2026-09-29 22:24:14,Webcam Stream,Keerthana,59.85,MATCH,Cosine > 0.4
2026-09-29 22:24:15,Webcam Stream,Keerthana,65.07,MATCH,Cosine > 0.4
2026-09-29 22:24:17,Webcam Stream,Keerthana,65.08,MATCH,Cosine > 0.4
2026-09-29 22:24:25,Webcam Stream,Keerthana,70.25,MATCH,Cosine > 0.4
2026-09-29 22:24:28,Webcam Stream,Keerthana,66.61,MATCH,Cosine > 0.4
2026-09-29 22:24:32,Webcam Stream,Keerthana,61.23,MATCH,Cosine > 0.4
2026-09-29 22:24:33,Webcam Stream,Keerthana,63.00,MATCH,Cosine > 0.4
2026-09-29 22:24:35,Webcam Stream,Keerthana,59.62,MATCH,Cosine > 0.4
2026-09-29 22:24:36,Webcam Stream,Keerthana,65.20,MATCH,Cosine > 0.4
2026-09-29 22:24:38,Webcam Stream,Keerthana,69.48,MATCH,Cosine > 0.4
2026-09-29 22:24:39,Webcam Stream,Keerthana,68.73,MATCH,Cosine > 0.4
2026-09-29 22:24:44,Webcam Stream,Keerthana,71.73,MATCH,Cosine > 0.4
2026-09-29 22:24:45,Webcam Stream,Keerthana,68.67,MATCH,Cosine > 0.4
2026-09-29 22:24:47,Webcam Stream,Keerthana,68.94,MATCH,Cosine > 0.4
2026-09-29 22:24:48,Webcam Stream,Keerthana,70.52,MATCH,Cosine > 0.4
2026-09-29 22:24:50,Webcam Stream,Keerthana,70.25,MATCH,Cosine > 0.4
2026-09-29 22:24:53,Webcam Stream,Keerthana,70.88,MATCH,Cosine > 0.4
2026-09-29 22:24:55,Webcam Stream,Keerthana,70.04,MATCH,Cosine > 0.4
2026-09-29 22:24:56,Webcam Stream,Keerthana,67.99,MATCH,Cosine > 0.4
2026-09-29 22:24:58,Webcam Stream,Keerthana,66.59,MATCH,Cosine > 0.4
2026-09-29 22:25:00,Webcam Stream,Keerthana,67.08,MATCH,Cosine > 0.4
2026-09-29 22:31:57,Webcam Stream,Keerthana,43.89,MATCH,Cosine > 0.4
2026-09-29 22:31:58,Webcam Stream,Keerthana,44.81,MATCH,Cosine > 0.4
2026-09-29 22:31:58,Webcam Stream,Keerthana,46.78,MATCH,Cosine > 0.4
2026-09-29 22:31:59,Webcam Stream,Keerthana,54.66,MATCH,Cosine > 0.4
2026-09-29 22:31:59,Webcam Stream,Keerthana,60.00,MATCH,Cosine > 0.4
2026-09-29 22:31:59,Webcam Stream,Keerthana,61.45,MATCH,Cosine > 0.4
2026-09-29 22:32:00,Webcam Stream,Keerthana,59.71,MATCH,Cosine > 0.4
2026-09-29 22:32:00,Webcam Stream,Keerthana,61.48,MATCH,Cosine > 0.4
2026-09-29 22:32:01,Webcam Stream,Keerthana,56.74,MATCH,Cosine > 0.4
2026-09-29 22:32:01,Webcam Stream,Keerthana,59.56,MATCH,Cosine > 0.4
2026-09-29 22:32:01,Webcam Stream,Keerthana,58.67,MATCH,Cosine > 0.4
2026-09-29 22:32:02,Webcam Stream,Keerthana,58.30,MATCH,Cosine > 0.4
2026-09-29 22:32:02,Webcam Stream,Keerthana,58.15,MATCH,Cosine > 0.4
2026-09-29 22:32:03,Webcam Stream,Keerthana,57.59,MATCH,Cosine > 0.4
2026-09-29 22:32:03,Webcam Stream,Keerthana,57.73,MATCH,Cosine > 0.4
2026-09-29 22:32:03,Webcam Stream,Keerthana,56.23,MATCH,Cosine > 0.4
2026-09-29 22:32:04,Webcam Stream,Keerthana,62.71,MATCH,Cosine > 0.4
2026-09-29 22:32:04,Webcam Stream,Keerthana,57.44,MATCH,Cosine > 0.4
2026-09-29 22:32:04,Webcam Stream,Keerthana,58.67,MATCH,Cosine > 0.4
2026-09-29 22:32:05,Webcam Stream,Keerthana,44.61,MATCH,Cosine > 0.4
2026-09-29 22:32:08,Webcam Stream,Keerthana,46.17,MATCH,Cosine > 0.4
2026-09-29 22:32:08,Webcam Stream,Keerthana,62.12,MATCH,Cosine > 0.4
2026-09-29 22:32:09,Webcam Stream,Keerthana,68.37,MATCH,Cosine > 0.4
2026-09-29 22:32:09,Webcam Stream,Keerthana,42.69,MATCH,Cosine > 0.4
2026-09-29 22:32:09,Webcam Stream,Keerthana,57.85,MATCH,Cosine > 0.4
2026-09-29 22:32:10,Webcam Stream,Keerthana,46.47,MATCH,Cosine > 0.4
2026-09-29 22:32:10,Webcam Stream,Keerthana,63.87,MATCH,Cosine > 0.4
2026-09-29 22:32:11,Webcam Stream,Keerthana,44.65,MATCH,Cosine > 0.4
2026-09-29 22:32:11,Webcam Stream,Keerthana,53.56,MATCH,Cosine > 0.4
2026-09-29 22:32:12,Webcam Stream,Keerthana,63.65,MATCH,Cosine > 0.4
2026-09-29 22:32:13,Webcam Stream,Keerthana,63.90,MATCH,Cosine > 0.4
2026-09-29 22:32:13,Webcam Stream,Keerthana,63.37,MATCH,Cosine > 0.4
2026-09-29 22:32:14,Webcam Stream,Keerthana,49.51,MATCH,Cosine > 0.4
2026-09-29 22:32:23,Webcam Stream,Keerthana,46.01,MATCH,Cosine > 0.4
2026-09-29 22:32:24,Webcam Stream,Keerthana,62.17,MATCH,Cosine > 0.4
2026-09-29 22:32:24,Webcam Stream,Keerthana,65.29,MATCH,Cosine > 0.4
2026-09-29 22:32:25,Webcam Stream,Keerthana,72.99,MATCH,Cosine > 0.4
2026-09-29 22:32:25,Webcam Stream,Keerthana,68.49,MATCH,Cosine > 0.4
2026-09-29 22:32:25,Webcam Stream,Keerthana,66.66,MATCH,Cosine > 0.4
2026-09-29 22:32:26,Webcam Stream,Keerthana,64.68,MATCH,Cosine > 0.4
2026-09-29 22:32:26,Webcam Stream,Keerthana,65.77,MATCH,Cosine > 0.4
2026-09-29 22:32:27,Webcam Stream,Keerthana,66.67,MATCH,Cosine > 0.4
2026-09-29 22:32:27,Webcam Stream,Keerthana,68.53,MATCH,Cosine > 0.4
2026-09-29 22:32:28,Webcam Stream,Keerthana,66.93,MATCH,Cosine > 0.4
2026-09-29 22:32:28,Webcam Stream,Keerthana,62.35,MATCH,Cosine > 0.4
2026-09-29 22:32:29,Webcam Stream,Keerthana,58.49,MATCH,Cosine > 0.4
2026-09-29 22:32:29,Webcam Stream,Keerthana,64.38,MATCH,Cosine > 0.4
2026-09-29 22:32:29,Webcam Stream,Keerthana,63.09,MATCH,Cosine > 0.4
2026-09-29 22:32:30,Webcam Stream,Keerthana,51.88,MATCH,Cosine > 0.4
2026-09-29 22:32:30,Webcam Stream,Keerthana,58.65,MATCH,Cosine > 0.4
2026-09-29 22:32:31,Webcam Stream,Keerthana,59.03,MATCH,Cosine > 0.4
2026-09-29 22:32:31,Webcam Stream,Keerthana,59.73,MATCH,Cosine > 0.4
2026-09-29 22:32:32,Webcam Stream,Keerthana,56.33,MATCH,Cosine > 0.4
2026-09-29 22:32:32,Webcam Stream,Keerthana,57.46,MATCH,Cosine > 0.4
2026-09-29 22:32:32,Webcam Stream,Keerthana,54.04,MATCH,Cosine > 0.4
2026-09-29 22:32:33,Webcam Stream,Keerthana,55.03,MATCH,Cosine > 0.4
2026-09-29 22:32:33,Webcam Stream,Keerthana,55.74,MATCH,Cosine > 0.4
2026-09-29 22:32:34,Webcam Stream,Keerthana,54.71,MATCH,Cosine > 0.4
2026-09-29 22:32:34,Webcam Stream,Keerthana,56.41,MATCH,Cosine > 0.4
2026-09-29 22:32:35,Webcam Stream,Keerthana,55.87,MATCH,Cosine > 0.4
2026-09-29 22:32:35,Webcam Stream,Keerthana,55.95,MATCH,Cosine > 0.4
2026-09-29 22:32:36,Webcam Stream,Keerthana,53.47,MATCH,Cosine > 0.4
2026-09-29 22:32:36,Webcam Stream,Keerthana,55.75,MATCH,Cosine > 0.4
2026-09-29 22:32:36,Webcam Stream,Keerthana,57.67,MATCH,Cosine > 0.4
2026-09-29 22:32:37,Webcam Stream,Keerthana,57.34,MATCH,Cosine > 0.4
2026-09-29 22:32:37,Webcam Stream,Keerthana,54.29,MATCH,Cosine > 0.4
2026-09-29 22:32:38,Webcam Stream,Keerthana,59.26,MATCH,Cosine > 0.4
2026-09-29 22:32:38,Webcam Stream,Keerthana,55.78,MATCH,Cosine > 0.4
2026-09-29 22:32:39,Webcam Stream,Keerthana,60.94,MATCH,Cosine > 0.4
2026-09-29 22:32:39,Webcam Stream,Keerthana,59.57,MATCH,Cosine > 0.4
2026-09-29 22:32:39,Webcam Stream,Keerthana,60.69,MATCH,Cosine > 0.4
2026-09-29 22:32:40,Webcam Stream,Keerthana,60.70,MATCH,Cosine > 0.4
2026-09-29 22:32:40,Webcam Stream,Keerthana,59.03,MATCH,Cosine > 0.4
2026-09-29 22:32:41,Webcam Stream,Keerthana,55.98,MATCH,Cosine > 0.4
2026-09-29 22:32:41,Webcam Stream,Keerthana,47.64,MATCH,Cosine > 0.4
2026-09-29 22:32:42,Webcam Stream,Keerthana,45.12,MATCH,Cosine > 0.4
2026-09-29 22:32:42,Webcam Stream,Keerthana,51.88,MATCH,Cosine > 0.4
2026-09-29 22:32:43,Webcam Stream,Keerthana,53.30,MATCH,Cosine > 0.4
2026-09-29 22:32:43,Webcam Stream,Keerthana,51.17,MATCH,Cosine > 0.4
2026-09-29 22:32:44,Webcam Stream,Keerthana,48.80,MATCH,Cosine > 0.4
2026-09-29 22:32:44,Webcam Stream,Keerthana,46.61,MATCH,Cosine > 0.4
2026-09-29 22:32:44,Webcam Stream,Keerthana,52.61,MATCH,Cosine > 0.4
2026-09-29 22:32:45,Webcam Stream,Keerthana,45.50,MATCH,Cosine > 0.4
2026-09-29 22:32:45,Webcam Stream,Keerthana,44.26,MATCH,Cosine > 0.4
2026-09-29 22:32:46,Webcam Stream,Keerthana,44.04,MATCH,Cosine > 0.4
2026-09-29 22:32:46,Webcam Stream,Keerthana,46.10,MATCH,Cosine > 0.4
2026-09-29 22:32:47,Webcam Stream,Keerthana,43.35,MATCH,Cosine > 0.4
2026-09-29 22:32:47,Webcam Stream,Keerthana,47.58,MATCH,Cosine > 0.4
2026-09-29 22:32:47,Webcam Stream,Keerthana,45.08,MATCH,Cosine > 0.4
2026-09-29 22:32:48,Webcam Stream,Keerthana,44.86,MATCH,Cosine > 0.4
2026-09-29 22:32:48,Webcam Stream,Keerthana,44.94,MATCH,Cosine > 0.4
2026-09-29 22:32:49,Webcam Stream,Keerthana,40.42,MATCH,Cosine > 0.4
2026-09-29 22:32:49,Webcam Stream,Keerthana,50.04,MATCH,Cosine > 0.4
2026-09-29 22:32:50,Webcam Stream,Keerthana,44.02,MATCH,Cosine > 0.4
2026-09-29 22:32:50,Webcam Stream,Keerthana,42.75,MATCH,Cosine > 0.4
2026-09-29 22:32:50,Webcam Stream,Keerthana,45.04,MATCH,Cosine > 0.4
2026-09-29 22:32:51,Webcam Stream,Keerthana,49.96,MATCH,Cosine > 0.4
2026-09-29 22:32:54,Webcam Stream,Keerthana,42.28,MATCH,Cosine > 0.4
2026-09-29 22:32:54,Webcam Stream,Keerthana,46.51,MATCH,Cosine > 0.4
2026-09-29 22:32:55,Webcam Stream,Keerthana,44.32,MATCH,Cosine > 0.4
2026-09-29 22:32:55,Webcam Stream,Keerthana,47.68,MATCH,Cosine > 0.4
2026-09-29 22:32:56,Webcam Stream,Keerthana,43.87,MATCH,Cosine > 0.4
2026-09-29 22:32:56,Webcam Stream,Keerthana,44.92,MATCH,Cosine > 0.4
2026-09-29 22:32:56,Webcam Stream,Keerthana,44.16,MATCH,Cosine > 0.4
2026-09-29 22:32:57,Webcam Stream,Keerthana,43.14,MATCH,Cosine > 0.4
2026-09-29 22:32:57,Webcam Stream,Keerthana,42.45,MATCH,Cosine > 0.4
2026-09-29 22:32:58,Webcam Stream,Keerthana,42.28,MATCH,Cosine > 0.4
2026-09-29 22:32:58,Webcam Stream,Keerthana,43.73,MATCH,Cosine > 0.4
2026-09-29 22:32:59,Webcam Stream,Keerthana,46.54,MATCH,Cosine > 0.4
2026-09-29 22:32:59,Webcam Stream,Keerthana,41.91,MATCH,Cosine > 0.4
2026-09-29 22:32:59,Webcam Stream,Keerthana,43.55,MATCH,Cosine > 0.4
2026-09-29 22:33:00,Webcam Stream,Keerthana,43.02,MATCH,Cosine > 0.4
2026-09-29 22:33:00,Webcam Stream,Keerthana,44.09,MATCH,Cosine > 0.4
2026-09-29 22:33:01,Webcam Stream,Keerthana,48.61,MATCH,Cosine > 0.4
2026-09-29 22:33:01,Webcam Stream,Keerthana,51.10,MATCH,Cosine > 0.4
2026-09-29 22:33:02,Webcam Stream,Keerthana,48.71,MATCH,Cosine > 0.4
2026-09-29 22:33:02,Webcam Stream,Keerthana,53.53,MATCH,Cosine > 0.4
2026-09-29 22:33:02,Webcam Stream,Keerthana,43.51,MATCH,Cosine > 0.4
2026-09-29 22:33:03,Webcam Stream,Keerthana,42.79,MATCH,Cosine > 0.4
2026-09-29 22:33:03,Webcam Stream,Keerthana,41.09,MATCH,Cosine > 0.4
2026-09-29 22:33:04,Webcam Stream,Keerthana,40.66,MATCH,Cosine > 0.4
2026-09-29 22:33:04,Webcam Stream,Keerthana,41.79,MATCH,Cosine > 0.4
2026-09-29 22:33:04,Webcam Stream,Keerthana,44.22,MATCH,Cosine > 0.4
2026-09-29 22:33:06,Webcam Stream,Keerthana,42.43,MATCH,Cosine > 0.4
2026-09-29 22:33:06,Webcam Stream,Keerthana,48.78,MATCH,Cosine > 0.4
2026-09-29 22:33:07,Webcam Stream,Keerthana,54.27,MATCH,Cosine > 0.4
2026-09-29 22:33:07,Webcam Stream,Keerthana,53.81,MATCH,Cosine > 0.4
2026-09-29 22:33:08,Webcam Stream,Keerthana,54.31,MATCH,Cosine > 0.4
2026-09-29 22:33:08,Webcam Stream,Keerthana,55.54,MATCH,Cosine > 0.4
2026-09-29 22:33:08,Webcam Stream,Keerthana,54.22,MATCH,Cosine > 0.4
2026-09-29 22:33:09,Webcam Stream,Keerthana,55.84,MATCH,Cosine > 0.4
2026-09-29 22:33:09,Webcam Stream,Keerthana,59.32,MATCH,Cosine > 0.4
2026-09-29 22:33:10,Webcam Stream,Keerthana,52.00,MATCH,Cosine > 0.4
2026-09-29 22:33:10,Webcam Stream,Keerthana,57.00,MATCH,Cosine > 0.4
2026-09-29 22:33:11,Webcam Stream,Keerthana,56.26,MATCH,Cosine > 0.4
2026-09-29 22:33:11,Webcam Stream,Keerthana,55.97,MATCH,Cosine > 0.4
2026-09-29 22:33:11,Webcam Stream,Keerthana,55.60,MATCH,Cosine > 0.4
2026-09-29 22:33:12,Webcam Stream,Keerthana,59.17,MATCH,Cosine > 0.4
2026-09-29 22:33:12,Webcam Stream,Keerthana,61.38,MATCH,Cosine > 0.4
2026-09-29 22:33:13,Webcam Stream,Keerthana,61.50,MATCH,Cosine > 0.4
2026-09-29 22:33:13,Webcam Stream,Keerthana,60.97,MATCH,Cosine > 0.4
2026-09-29 22:33:14,Webcam Stream,Keerthana,62.29,MATCH,Cosine > 0.4
2026-09-29 22:33:14,Webcam Stream,Keerthana,61.94,MATCH,Cosine > 0.4
2026-09-29 22:33:14,Webcam Stream,Keerthana,59.35,MATCH,Cosine > 0.4
2026-09-29 22:36:10,Webcam Stream,Keerthana,64.46,MATCH,Cosine > 0.4
2026-09-29 22:36:10,Webcam Stream,Keerthana,65.35,MATCH,Cosine > 0.4
2026-09-29 22:36:11,Webcam Stream,Keerthana,62.45,MATCH,Cosine > 0.4
2026-09-29 22:36:11,Webcam Stream,Keerthana,67.02,MATCH,Cosine > 0.4
2026-09-29 22:36:11,Webcam Stream,Keerthana,70.87,MATCH,Cosine > 0.4
2026-09-29 22:36:12,Webcam Stream,Keerthana,68.05,MATCH,Cosine > 0.4
2026-09-29 22:36:12,Webcam Stream,Keerthana,67.98,MATCH,Cosine > 0.4
2026-09-29 22:36:13,Webcam Stream,Keerthana,68.23,MATCH,Cosine > 0.4
2026-09-29 22:36:13,Webcam Stream,Keerthana,70.09,MATCH,Cosine > 0.4
2026-09-29 22:36:13,Webcam Stream,Keerthana,68.04,MATCH,Cosine > 0.4
2026-09-29 22:36:14,Webcam Stream,Keerthana,67.31,MATCH,Cosine > 0.4
2026-09-29 22:36:14,Webcam Stream,Keerthana,67.13,MATCH,Cosine > 0.4
2026-09-29 22:36:15,Webcam Stream,Keerthana,66.01,MATCH,Cosine > 0.4
2026-09-29 22:36:15,Webcam Stream,Keerthana,66.15,MATCH,Cosine > 0.4
2026-09-29 22:36:16,Webcam Stream,Keerthana,64.52,MATCH,Cosine > 0.4
2026-09-29 22:36:16,Webcam Stream,Keerthana,66.90,MATCH,Cosine > 0.4
2026-09-29 22:36:16,Webcam Stream,Keerthana,67.35,MATCH,Cosine > 0.4
2026-09-29 22:36:17,Webcam Stream,Keerthana,61.73,MATCH,Cosine > 0.4
2026-09-29 22:36:17,Webcam Stream,Keerthana,67.26,MATCH,Cosine > 0.4
2026-09-29 22:36:18,Webcam Stream,Keerthana,66.73,MATCH,Cosine > 0.4
2026-09-29 22:36:18,Webcam Stream,Keerthana,69.40,MATCH,Cosine > 0.4
2026-09-29 22:36:19,Webcam Stream,Keerthana,67.80,MATCH,Cosine > 0.4
2026-09-29 22:36:19,Webcam Stream,Keerthana,67.13,MATCH,Cosine > 0.4
2026-09-29 22:36:20,Webcam Stream,Keerthana,69.49,MATCH,Cosine > 0.4
2026-09-29 22:36:20,Webcam Stream,Keerthana,63.37,MATCH,Cosine > 0.4
2026-09-29 22:36:21,Webcam Stream,Keerthana,65.46,MATCH,Cosine > 0.4
2026-09-29 22:36:21,Webcam Stream,Keerthana,59.16,MATCH,Cosine > 0.4
2026-09-29 22:36:22,Webcam Stream,Keerthana,63.64,MATCH,Cosine > 0.4
2026-09-29 22:36:22,Webcam Stream,Keerthana,61.34,MATCH,Cosine > 0.4
2026-09-29 22:36:23,Webcam Stream,Keerthana,62.38,MATCH,Cosine > 0.4
2026-09-29 22:36:23,Webcam Stream,Keerthana,59.74,MATCH,Cosine > 0.4
2026-09-29 22:36:24,Webcam Stream,Keerthana,60.75,MATCH,Cosine > 0.4
2026-09-29 22:36:24,Webcam Stream,Keerthana,59.92,MATCH,Cosine > 0.4
2026-09-29 22:36:25,Webcam Stream,Keerthana,59.10,MATCH,Cosine > 0.4
2026-09-29 22:36:25,Webcam Stream,Keerthana,59.78,MATCH,Cosine > 0.4
2026-09-29 22:36:25,Webcam Stream,Keerthana,56.69,MATCH,Cosine > 0.4
2026-09-29 22:36:26,Webcam Stream,Keerthana,58.31,MATCH,Cosine > 0.4
2026-09-29 22:36:26,Webcam Stream,Keerthana,59.99,MATCH,Cosine > 0.4
2026-09-29 22:36:27,Webcam Stream,Keerthana,62.61,MATCH,Cosine > 0.4
2026-09-29 22:36:28,Webcam Stream,Keerthana,54.13,MATCH,Cosine > 0.4
2026-09-29 22:36:29,Webcam Stream,Keerthana,54.41,MATCH,Cosine > 0.4
2026-09-29 22:36:29,Webcam Stream,Keerthana,44.42,MATCH,Cosine > 0.4
2026-09-29 22:36:30,Webcam Stream,Keerthana,51.07,MATCH,Cosine > 0.4
2026-09-29 22:36:30,Webcam Stream,Keerthana,62.66,MATCH,Cosine > 0.4
2026-09-29 22:36:31,Webcam Stream,Keerthana,65.04,MATCH,Cosine > 0.4
2026-09-29 22:36:31,Webcam Stream,Keerthana,72.21,MATCH,Cosine > 0.4
2026-09-29 22:36:32,Webcam Stream,Keerthana,69.57,MATCH,Cosine > 0.4
2026-09-29 22:36:32,Webcam Stream,Keerthana,66.91,MATCH,Cosine > 0.4
2026-09-29 22:36:33,Webcam Stream,Keerthana,68.25,MATCH,Cosine > 0.4
2026-09-29 22:36:33,Webcam Stream,Keerthana,68.10,MATCH,Cosine > 0.4
2026-09-29 22:36:34,Webcam Stream,Keerthana,67.41,MATCH,Cosine > 0.4
2026-09-29 22:36:34,Webcam Stream,Keerthana,69.26,MATCH,Cosine > 0.4
2026-09-29 22:36:34,Webcam Stream,Keerthana,69.72,MATCH,Cosine > 0.4
2026-09-29 22:36:35,Webcam Stream,Keerthana,69.71,MATCH,Cosine > 0.4
2026-09-29 22:36:35,Webcam Stream,Keerthana,65.15,MATCH,Cosine > 0.4
2026-09-29 22:36:36,Webcam Stream,Keerthana,68.41,MATCH,Cosine > 0.4
2026-09-29 22:36:36,Webcam Stream,Keerthana,67.70,MATCH,Cosine > 0.4
2026-09-29 22:43:16,Webcam Stream,Keerthana,64.82,MATCH,Cosine > 0.4
2026-09-29 22:43:16,Webcam Stream,Keerthana,67.37,MATCH,Cosine > 0.4
2026-09-29 22:43:17,Webcam Stream,Keerthana,69.36,MATCH,Cosine > 0.4
2026-09-29 22:43:18,Webcam Stream,Keerthana,71.03,MATCH,Cosine > 0.4
2026-09-29 22:43:18,Webcam Stream,Keerthana,68.14,MATCH,Cosine > 0.4
2026-09-29 22:43:19,Webcam Stream,Keerthana,66.89,MATCH,Cosine > 0.4
2026-09-29 22:43:19,Webcam Stream,Keerthana,63.32,MATCH,Cosine > 0.4
2026-09-29 22:43:20,Webcam Stream,Keerthana,63.23,MATCH,Cosine > 0.4
2026-09-29 22:43:20,Webcam Stream,Keerthana,67.90,MATCH,Cosine > 0.4
2026-09-29 22:43:20,Webcam Stream,Keerthana,65.52,MATCH,Cosine > 0.4
2026-09-29 22:43:21,Webcam Stream,Keerthana,67.08,MATCH,Cosine > 0.4
2026-09-29 22:43:22,Webcam Stream,Keerthana,68.59,MATCH,Cosine > 0.4
2026-09-29 22:43:22,Webcam Stream,Keerthana,69.38,MATCH,Cosine > 0.4
2026-09-29 22:43:23,Webcam Stream,Keerthana,65.85,MATCH,Cosine > 0.4
2026-09-29 22:43:23,Webcam Stream,Keerthana,64.04,MATCH,Cosine > 0.4
2026-09-29 22:43:24,Webcam Stream,Keerthana,66.37,MATCH,Cosine > 0.4
2026-09-29 22:43:25,Webcam Stream,Keerthana,65.35,MATCH,Cosine > 0.4
2026-09-29 22:43:26,Webcam Stream,Keerthana,65.44,MATCH,Cosine > 0.4
2026-09-29 22:43:26,Webcam Stream,Keerthana,61.11,MATCH,Cosine > 0.4
2026-09-29 22:43:27,Webcam Stream,Keerthana,66.35,MATCH,Cosine > 0.4
2026-09-29 22:43:27,Webcam Stream,Keerthana,57.25,MATCH,Cosine > 0.4
2026-09-29 22:43:28,Webcam Stream,Keerthana,56.03,MATCH,Cosine > 0.4
2026-09-29 22:43:28,Webcam Stream,Keerthana,57.82,MATCH,Cosine > 0.4
2026-09-29 22:43:29,Webcam Stream,Keerthana,55.93,MATCH,Cosine > 0.4
2026-09-29 22:43:30,Webcam Stream,Keerthana,59.40,MATCH,Cosine > 0.4
2026-09-29 22:43:30,Webcam Stream,Keerthana,58.69,MATCH,Cosine > 0.4
2026-09-29 22:43:31,Webcam Stream,Keerthana,62.88,MATCH,Cosine > 0.4
2026-09-29 22:43:32,Webcam Stream,Keerthana,67.33,MATCH,Cosine > 0.4
2026-09-29 22:43:32,Webcam Stream,Keerthana,66.99,MATCH,Cosine > 0.4
2026-09-29 22:43:33,Webcam Stream,Keerthana,66.80,MATCH,Cosine > 0.4
2026-09-29 22:43:34,Webcam Stream,Keerthana,65.58,MATCH,Cosine > 0.4
2026-09-29 22:43:34,Webcam Stream,Keerthana,59.37,MATCH,Cosine > 0.4
2026-09-29 22:43:35,Webcam Stream,Keerthana,62.18,MATCH,Cosine > 0.4
2026-09-29 22:43:36,Webcam Stream,Keerthana,60.06,MATCH,Cosine > 0.4
2026-09-29 22:43:36,Webcam Stream,Keerthana,61.96,MATCH,Cosine > 0.4
2026-09-29 22:43:37,Webcam Stream,Keerthana,60.06,MATCH,Cosine > 0.4
2026-09-29 22:43:37,Webcam Stream,Keerthana,60.19,MATCH,Cosine > 0.4
2026-09-29 22:43:38,Webcam Stream,Keerthana,61.23,MATCH,Cosine > 0.4
2026-09-29 22:43:39,Webcam Stream,Keerthana,59.88,MATCH,Cosine > 0.4
2026-09-29 22:43:39,Webcam Stream,Keerthana,57.81,MATCH,Cosine > 0.4
2026-09-29 22:43:40,Webcam Stream,Keerthana,61.06,MATCH,Cosine > 0.4
2026-09-29 22:43:40,Webcam Stream,Keerthana,54.11,MATCH,Cosine > 0.4
2026-09-29 22:43:41,Webcam Stream,Keerthana,56.07,MATCH,Cosine > 0.4
2026-09-29 22:43:41,Webcam Stream,Keerthana,57.94,MATCH,Cosine > 0.4
2026-09-29 22:43:42,Webcam Stream,Keerthana,67.20,MATCH,Cosine > 0.4
2026-09-29 22:43:42,Webcam Stream,Keerthana,63.06,MATCH,Cosine > 0.4
2026-09-29 22:43:43,Webcam Stream,Keerthana,64.37,MATCH,Cosine > 0.4
2026-09-29 22:43:43,Webcam Stream,Keerthana,70.10,MATCH,Cosine > 0.4
2026-09-29 22:43:43,Webcam Stream,Keerthana,69.05,MATCH,Cosine > 0.4
2026-09-29 22:43:44,Webcam Stream,Keerthana,71.38,MATCH,Cosine > 0.4
2026-09-29 22:43:44,Webcam Stream,Keerthana,68.64,MATCH,Cosine > 0.4
2026-09-29 22:43:45,Webcam Stream,Keerthana,70.91,MATCH,Cosine > 0.4
2026-09-29 22:43:45,Webcam Stream,Keerthana,69.80,MATCH,Cosine > 0.4
2026-09-29 22:43:46,Webcam Stream,Keerthana,70.26,MATCH,Cosine > 0.4
